"행정구역별(1)","행정구역별(2)",유형별(1),유형별(2),2019,2019,2020,2020,2021,2021,2022,2022,2023,2023
"행정구역별(1)","행정구역별(2)",유형별(1),유형별(2),호수 (호수),면적 (천㎡),호수 (호수),면적 (천㎡),호수 (호수),면적 (천㎡),호수 (호수),면적 (천㎡),호수 (호수),면적 (천㎡)
"서울특별시","종로구",매입자거주지,관할 시군구내,224,19,230,21,133,12,49,3,117,10
"서울특별시","종로구",매입자거주지,관할 시도내,292,24,466,36,306,21,87,5,147,11
"서울특별시","종로구",매입자거주지,관할 시도외 서울,0,0,0,0,0,0,0,0,0,0
"서울특별시","종로구",매입자거주지,관할 시도외 기타,142,9,174,13,112,7,66,3,82,5
"서울특별시","종로구",거래주체,개인->개인,622,48,792,65,485,36,180,10,327,24
"서울특별시","종로구",거래주체,개인->법인,19,2,54,2,50,1,9,0,5,0
"서울특별시","종로구",거래주체,개인->기타,3,1,1,0,2,0,0,0,3,0
"서울특별시","종로구",거래주체,법인->개인,9,1,17,2,12,1,11,1,11,1
"서울특별시","종로구",거래주체,법인->법인,2,0,3,1,1,1,2,0,0,0
"서울특별시","종로구",거래주체,법인->기타,0,0,0,0,0,0,0,0,0,0
"서울특별시","종로구",거래주체,기타->개인,3,0,3,0,1,0,0,0,0,0
"서울특별시","종로구",거래주체,기타->법인,0,0,0,0,0,0,0,0,0,0
"서울특별시","종로구",거래주체,기타->기타,0,0,0,0,0,0,0,0,0,0
"서울특별시","종로구",거래규모,20㎡이하,77,1,71,1,77,1,65,1,47,1
"서울특별시","종로구",거래규모,21~40㎡,23,1,41,1,71,2,23,1,22,1
"서울특별시","종로구",거래규모,41~60㎡,175,10,191,11,124,7,52,3,83,5
"서울특별시","종로구",거래규모,61~85㎡,225,19,338,27,163,13,37,3,111,9
"서울특별시","종로구",거래규모,86~100㎡,22,2,40,4,13,1,2,0,11,1
"서울특별시","종로구",거래규모,101~135㎡,69,8,118,13,58,7,12,1,41,5
"서울특별시","종로구",거래규모,136~165㎡,45,7,36,5,30,5,7,1,25,4
"서울특별시","종로구",거래규모,166~198㎡,9,2,18,3,7,1,1,0,6,1
"서울특별시","종로구",거래규모,198㎡초과,13,3,17,4,8,3,3,1,0,0
"서울특별시","종로구",매입자연령대,20대이하,22,1,34,2,41,2,21,1,16,1
"서울특별시","종로구",매입자연령대,30대,135,10,223,17,163,11,47,3,76,5
"서울특별시","종로구",매입자연령대,40대,183,14,211,18,112,9,52,2,80,6
"서울특별시","종로구",매입자연령대,50대,175,14,195,16,90,8,29,2,90,7
"서울특별시","종로구",매입자연령대,60대,86,7,96,9,57,5,25,1,43,3
"서울특별시","종로구",매입자연령대,70대이상,33,3,53,5,35,3,17,1,33,3
"서울특별시","종로구",매입자연령대,기타,24,3,58,3,53,3,11,1,8,1
"서울특별시","중구",매입자거주지,관할 시군구내,269,22,289,26,137,11,58,4,171,13
"서울특별시","중구",매입자거주지,관할 시도내,438,36,587,48,337,26,93,5,257,20
"서울특별시","중구",매입자거주지,관할 시도외 서울,0,0,0,0,0,0,0,0,0,0
"서울특별시","중구",매입자거주지,관할 시도외 기타,225,17,288,22,187,10,58,3,147,9
"서울특별시","중구",거래주체,개인->개인,901,74,1089,91,592,45,192,12,532,40
"서울특별시","중구",거래주체,개인->법인,9,1,11,1,3,0,4,0,4,0
"서울특별시","중구",거래주체,개인->기타,2,0,4,0,1,0,2,0,23,1
"서울특별시","중구",거래주체,법인->개인,15,1,27,2,16,1,9,0,15,1
"서울특별시","중구",거래주체,법인->법인,1,0,1,0,0,0,0,0,0,0
"서울특별시","중구",거래주체,법인->기타,0,0,26,1,49,1,0,0,0,0
"서울특별시","중구",거래주체,기타->개인,4,0,6,1,0,0,2,0,1,0
"서울특별시","중구",거래주체,기타->법인,0,0,0,0,0,0,0,0,0,0
"서울특별시","중구",거래주체,기타->기타,0,0,0,0,0,0,0,0,0,0
"서울특별시","중구",거래규모,20㎡이하,42,1,45,1,89,1,41,1,45,1
"서울특별시","중구",거래규모,21~40㎡,39,1,59,2,53,2,30,1,79,2
"서울특별시","중구",거래규모,41~60㎡,251,14,334,19,188,11,64,4,159,9
"서울특별시","중구",거래규모,61~85㎡,364,30,425,35,209,17,44,4,175,14
"서울특별시","중구",거래규모,86~100㎡,6,1,9,1,4,0,3,0,5,0
"서울특별시","중구",거래규모,101~135㎡,171,20,201,24,86,10,13,2,77,9
"서울특별시","중구",거래규모,136~165㎡,33,5,52,7,14,2,6,1,17,2
"서울특별시","중구",거래규모,166~198㎡,21,4,27,5,8,1,6,1,11,2
"서울특별시","중구",거래규모,198㎡초과,5,1,12,3,10,2,2,0,7,2
"서울특별시","중구",매입자연령대,20대이하,33,2,43,3,33,2,24,1,30,2
"서울특별시","중구",매입자연령대,30대,287,22,455,34,258,18,58,3,174,11
"서울특별시","중구",매입자연령대,40대,214,18,259,23,136,11,49,4,136,11
"서울특별시","중구",매입자연령대,50대,209,18,197,19,105,9,36,2,94,7
"서울특별시","중구",매입자연령대,60대,124,10,105,10,47,3,22,1,81,7
"서울특별시","중구",매입자연령대,70대이상,53,5,63,6,29,2,14,1,32,3
"서울특별시","중구",매입자연령대,기타,12,1,42,2,53,1,6,0,28,1
"서울특별시","용산구",매입자거주지,관할 시군구내,446,50,529,56,536,89,106,11,181,19
"서울특별시","용산구",매입자거주지,관할 시도내,633,65,848,82,550,61,106,11,252,25
"서울특별시","용산구",매입자거주지,관할 시도외 서울,0,0,0,0,0,0,0,0,0,0
"서울특별시","용산구",매입자거주지,관할 시도외 기타,382,34,443,37,273,30,91,8,155,13
"서울특별시","용산구",거래주체,개인->개인,1286,120,1579,147,967,96,254,23,563,53
"서울특별시","용산구",거래주체,개인->법인,35,4,57,5,13,1,7,1,2,0
"서울특별시","용산구",거래주체,개인->기타,5,1,4,1,4,0,5,0,4,1
"서울특별시","용산구",거래주체,법인->개인,105,20,110,13,362,81,30,5,11,2
"서울특별시","용산구",거래주체,법인->법인,12,2,60,9,3,1,1,0,0,0
"서울특별시","용산구",거래주체,법인->기타,2,0,0,0,0,0,0,0,0,0
"서울특별시","용산구",거래주체,기타->개인,16,2,9,1,9,1,6,0,7,1
"서울특별시","용산구",거래주체,기타->법인,0,0,0,0,0,0,0,0,0,0
"서울특별시","용산구",거래주체,기타->기타,0,0,1,0,1,0,0,0,1,0
"서울특별시","용산구",거래규모,20㎡이하,38,1,36,1,15,0,26,0,16,0
"서울특별시","용산구",거래규모,21~40㎡,40,1,64,2,30,1,20,1,14,0
"서울특별시","용산구",거래규모,41~60㎡,374,22,452,26,256,14,53,3,149,9
"서울특별시","용산구",거래규모,61~85㎡,375,31,517,42,270,22,70,5,157,13
"서울특별시","용산구",거래규모,86~100㎡,43,4,84,8,26,2,9,1,17,2
"서울특별시","용산구",거래규모,101~135㎡,283,33,324,38,206,24,50,6,128,14
"서울특별시","용산구",거래규모,136~165㎡,109,16,153,22,85,12,26,4,42,6
"서울특별시","용산구",거래규모,166~198㎡,71,12,96,17,57,10,20,4,34,6
"서울특별시","용산구",거래규모,198㎡초과,128,29,94,21,414,94,29,7,31,7
"서울특별시","용산구",매입자연령대,20대이하,33,3,48,4,45,4,17,1,20,2
"서울특별시","용산구",매입자연령대,30대,361,32,514,42,332,32,84,7,157,13
"서울특별시","용산구",매입자연령대,40대,410,42,496,47,326,42,64,6,166,16
"서울특별시","용산구",매입자연령대,50대,349,37,396,42,355,53,67,7,124,13
"서울특별시","용산구",매입자연령대,60대,187,21,174,19,193,33,34,4,75,8
"서울특별시","용산구",매입자연령대,70대이상,67,6,70,7,87,13,24,3,38,4
"서울특별시","용산구",매입자연령대,기타,54,7,122,15,21,3,13,2,8,1
"서울특별시","성동구",매입자거주지,관할 시군구내,1049,88,1092,93,509,43,158,12,451,38
"서울특별시","성동구",매입자거주지,관할 시도내,1656,115,1693,130,810,63,167,13,735,55
"서울특별시","성동구",매입자거주지,관할 시도외 서울,0,0,0,0,0,0,0,0,0,0
"서울특별시","성동구",매입자거주지,관할 시도외 기타,632,47,671,51,364,28,83,6,373,28
"서울특별시","성동구",거래주체,개인->개인,2900,228,3369,266,1650,131,399,30,1522,117
"서울특별시","성동구",거래주체,개인->법인,44,3,21,2,6,1,1,0,8,0
"서울특별시","성동구",거래주체,개인->기타,6,0,2,0,13,1,0,0,3,0
"서울특별시","성동구",거래주체,법인->개인,23,3,53,5,6,1,6,1,22,2
"서울특별시","성동구",거래주체,법인->법인,76,3,3,1,0,0,0,0,0,0
"서울특별시","성동구",거래주체,법인->기타,272,11,0,0,0,0,0,0,0,0
"서울특별시","성동구",거래주체,기타->개인,15,1,8,1,8,1,2,0,4,0
"서울특별시","성동구",거래주체,기타->법인,1,0,0,0,0,0,0,0,0,0
"서울특별시","성동구",거래주체,기타->기타,0,0,0,0,0,0,0,0,0,0
"서울특별시","성동구",거래규모,20㎡이하,16,0,24,0,36,1,27,0,20,0
"서울특별시","성동구",거래규모,21~40㎡,145,5,36,1,20,1,17,1,19,1
"서울특별시","성동구",거래규모,41~60㎡,1394,79,1336,79,623,37,141,8,660,39
"서울특별시","성동구",거래규모,61~85㎡,1321,110,1486,123,693,57,152,13,631,52
"서울특별시","성동구",거래규모,86~100㎡,27,3,35,3,12,1,3,0,16,2
"서울특별시","성동구",거래규모,101~135㎡,375,44,448,52,236,27,49,6,175,20
"서울특별시","성동구",거래규모,136~165㎡,37,5,56,8,40,6,12,2,31,5
"서울특별시","성동구",거래규모,166~198㎡,11,2,22,4,7,1,3,1,2,0
"서울특별시","성동구",거래규모,198㎡초과,11,3,13,3,16,4,4,1,5,1
"서울특별시","성동구",매입자연령대,20대이하,71,5,93,6,76,5,30,2,48,3
"서울특별시","성동구",매입자연령대,30대,1206,88,1601,117,784,58,163,12,698,50
"서울특별시","성동구",매입자연령대,40대,774,64,868,72,428,36,99,8,381,30
"서울특별시","성동구",매입자연령대,50대,516,44,509,46,211,19,57,5,249,21
"서울특별시","성동구",매입자연령대,60대,242,21,248,21,96,8,34,2,119,10
"서울특별시","성동구",매입자연령대,70대이상,128,11,111,9,69,6,24,2,53,5
"서울특별시","성동구",매입자연령대,기타,400,18,26,3,19,2,1,0,11,0
"서울특별시","광진구",매입자거주지,관할 시군구내,774,69,583,52,335,28,107,8,260,22
"서울특별시","광진구",매입자거주지,관할 시도내,594,48,562,47,337,25,95,8,254,21
"서울특별시","광진구",매입자거주지,관할 시도외 서울,0,0,0,0,0,0,0,0,0,0
"서울특별시","광진구",매입자거주지,관할 시도외 기타,322,27,257,19,149,11,89,5,178,12
"서울특별시","광진구",거래주체,개인->개인,1622,137,1343,113,804,62,226,18,669,53
"서울특별시","광진구",거래주체,개인->법인,28,2,10,1,2,0,3,0,2,0
"서울특별시","광진구",거래주체,개인->기타,2,0,2,0,0,0,0,0,3,0
"서울특별시","광진구",거래주체,법인->개인,20,2,39,3,13,1,17,1,13,1
"서울특별시","광진구",거래주체,법인->법인,8,1,0,0,0,0,0,0,0,0
"서울특별시","광진구",거래주체,법인->기타,0,0,1,0,0,0,44,1,0,0
"서울특별시","광진구",거래주체,기타->개인,10,1,7,1,2,0,1,0,5,1
"서울특별시","광진구",거래주체,기타->법인,0,0,0,0,0,0,0,0,0,0
"서울특별시","광진구",거래주체,기타->기타,0,0,0,0,0,0,0,0,0,0
"서울특별시","광진구",거래규모,20㎡이하,34,1,43,1,36,1,74,1,42,1
"서울특별시","광진구",거래규모,21~40㎡,22,1,15,0,20,1,6,0,15,0
"서울특별시","광진구",거래규모,41~60㎡,469,27,381,22,259,15,63,4,220,13
"서울특별시","광진구",거래규모,61~85㎡,847,70,684,56,377,31,92,7,300,25
"서울특별시","광진구",거래규모,86~100㎡,22,2,14,1,12,1,2,0,6,1
"서울특별시","광진구",거래규모,101~135㎡,119,14,117,14,66,8,28,3,52,6
"서울특별시","광진구",거래규모,136~165㎡,135,20,115,17,37,6,12,2,40,6
"서울특별시","광진구",거래규모,166~198㎡,32,6,24,4,13,2,7,1,10,2
"서울특별시","광진구",거래규모,198㎡초과,10,2,9,2,1,0,7,2,7,2
"서울특별시","광진구",매입자연령대,20대이하,40,3,35,2,37,2,18,1,26,1
"서울특별시","광진구",매입자연령대,30대,495,38,427,32,271,19,72,5,219,16
"서울특별시","광진구",매입자연령대,40대,560,50,459,40,270,22,63,6,222,18
"서울특별시","광진구",매입자연령대,50대,323,30,274,26,125,11,51,4,114,10
"서울특별시","광진구",매입자연령대,60대,149,13,131,12,69,6,20,2,69,6
"서울특별시","광진구",매입자연령대,70대이상,85,7,63,5,47,4,20,2,37,3
"서울특별시","광진구",매입자연령대,기타,38,3,13,1,2,0,47,1,5,0
"서울특별시","동대문구",매입자거주지,관할 시군구내,1091,86,1344,108,606,46,190,12,512,40
"서울특별시","동대문구",매입자거주지,관할 시도내,1000,65,1582,114,880,59,261,15,694,45
"서울특별시","동대문구",매입자거주지,관할 시도외 서울,0,0,0,0,0,0,0,0,0,0
"서울특별시","동대문구",매입자거주지,관할 시도외 기타,522,33,701,47,407,21,144,7,341,20
"서울특별시","동대문구",거래주체,개인->개인,2477,178,3499,261,1782,122,572,34,1478,103
"서울특별시","동대문구",거래주체,개인->법인,69,2,30,1,9,1,7,0,2,0
"서울특별시","동대문구",거래주체,개인->기타,27,2,4,0,14,0,0,0,41,1
"서울특별시","동대문구",거래주체,법인->개인,30,1,54,3,16,1,14,1,20,1
"서울특별시","동대문구",거래주체,법인->법인,5,0,4,0,28,1,0,0,3,0
"서울특별시","동대문구",거래주체,법인->기타,0,0,27,1,42,1,0,0,0,0
"서울특별시","동대문구",거래주체,기타->개인,3,0,9,1,2,0,2,0,3,0
"서울특별시","동대문구",거래주체,기타->법인,2,0,0,0,0,0,0,0,0,0
"서울특별시","동대문구",거래주체,기타->기타,0,0,0,0,0,0,0,0,0,0
"서울특별시","동대문구",거래규모,20㎡이하,188,3,135,2,234,4,146,2,114,2
"서울특별시","동대문구",거래규모,21~40㎡,221,7,213,7,139,4,60,2,132,4
"서울특별시","동대문구",거래규모,41~60㎡,801,47,1225,71,634,37,131,7,549,32
"서울특별시","동대문구",거래규모,61~85㎡,1025,85,1496,124,646,53,200,17,583,48
"서울특별시","동대문구",거래규모,86~100㎡,52,5,49,5,23,2,9,1,13,1
"서울특별시","동대문구",거래규모,101~135㎡,304,35,478,55,193,22,45,5,144,17
"서울특별시","동대문구",거래규모,136~165㎡,18,3,24,3,20,3,3,0,11,2
"서울특별시","동대문구",거래규모,166~198㎡,4,1,6,1,4,1,1,0,1,0
"서울특별시","동대문구",거래규모,198㎡초과,0,0,1,0,0,0,0,0,0,0
"서울특별시","동대문구",매입자연령대,20대이하,82,5,120,6,120,5,54,2,71,4
"서울특별시","동대문구",매입자연령대,30대,804,56,1377,97,769,50,185,11,570,38
"서울특별시","동대문구",매입자연령대,40대,629,48,909,72,400,30,128,8,424,31
"서울특별시","동대문구",매입자연령대,50대,497,36,604,47,267,20,115,7,262,18
"서울특별시","동대문구",매입자연령대,60대,316,21,370,29,150,11,65,4,114,8
"서울특별시","동대문구",매입자연령대,70대이상,182,14,182,14,94,7,41,3,60,4
"서울특별시","동대문구",매입자연령대,기타,103,5,65,3,93,2,7,0,46,1
"서울특별시","중랑구",매입자거주지,관할 시군구내,1158,87,1339,100,668,50,192,13,403,30
"서울특별시","중랑구",매입자거주지,관할 시도내,622,43,1149,77,769,49,282,14,319,19
"서울특별시","중랑구",매입자거주지,관할 시도외 서울,0,0,0,0,0,0,0,0,0,0
"서울특별시","중랑구",매입자거주지,관할 시도외 기타,530,27,591,36,329,20,101,4,233,13
"서울특별시","중랑구",거래주체,개인->개인,2045,148,2897,204,1697,116,427,25,864,58
"서울특별시","중랑구",거래주체,개인->법인,166,4,18,1,2,0,1,0,2,0
"서울특별시","중랑구",거래주체,개인->기타,31,1,78,3,30,1,127,5,4,0
"서울특별시","중랑구",거래주체,법인->개인,20,1,77,4,32,2,20,1,23,1
"서울특별시","중랑구",거래주체,법인->법인,4,0,3,0,1,0,0,0,0,0
"서울특별시","중랑구",거래주체,법인->기타,38,1,0,0,0,0,0,0,60,2
"서울특별시","중랑구",거래주체,기타->개인,6,0,6,1,4,0,0,0,2,0
"서울특별시","중랑구",거래주체,기타->법인,0,0,0,0,0,0,0,0,0,0
"서울특별시","중랑구",거래주체,기타->기타,0,0,0,0,0,0,0,0,0,0
"서울특별시","중랑구",거래규모,20㎡이하,145,2,89,1,62,1,92,1,96,1
"서울특별시","중랑구",거래규모,21~40㎡,329,11,369,13,230,8,144,4,131,4
"서울특별시","중랑구",거래규모,41~60㎡,630,35,1029,57,625,35,163,9,284,16
"서울특별시","중랑구",거래규모,61~85㎡,908,74,1247,102,695,57,137,11,361,30
"서울특별시","중랑구",거래규모,86~100㎡,10,1,15,1,9,1,2,0,3,0
"서울특별시","중랑구",거래규모,101~135㎡,280,32,318,36,137,16,36,4,74,8
"서울특별시","중랑구",거래규모,136~165㎡,6,1,8,1,7,1,0,0,3,0
"서울특별시","중랑구",거래규모,166~198㎡,0,0,2,0,0,0,1,0,0,0
"서울특별시","중랑구",거래규모,198㎡초과,2,0,2,0,1,0,0,0,3,1
"서울특별시","중랑구",매입자연령대,20대이하,67,4,138,8,115,6,28,1,33,2
"서울특별시","중랑구",매입자연령대,30대,571,38,1009,65,707,45,129,7,283,18
"서울특별시","중랑구",매입자연령대,40대,547,42,655,49,373,28,119,6,246,16
"서울특별시","중랑구",매입자연령대,50대,440,34,610,46,243,18,77,5,145,10
"서울특별시","중랑구",매입자연령대,60대,304,22,390,27,179,13,52,3,125,9
"서울특별시","중랑구",매입자연령대,70대이상,142,9,178,13,116,9,42,3,57,4
"서울특별시","중랑구",매입자연령대,기타,239,7,99,4,33,1,128,5,66,3
"서울특별시","성북구",매입자거주지,관할 시군구내,1720,140,2103,173,1013,81,260,19,836,67
"서울특별시","성북구",매입자거주지,관할 시도내,1333,97,1956,145,1309,89,741,38,801,52
"서울특별시","성북구",매입자거주지,관할 시도외 서울,0,0,0,0,0,0,0,0,0,0
"서울특별시","성북구",매입자거주지,관할 시도외 기타,553,40,869,64,402,28,113,6,376,24
"서울특별시","성북구",거래주체,개인->개인,3465,269,4803,372,2551,189,536,37,1836,133
"서울특별시","성북구",거래주체,개인->법인,37,3,44,3,5,0,1,0,0,0
"서울특별시","성북구",거래주체,개인->기타,24,1,11,1,12,1,55,4,86,5
"서울특별시","성북구",거래주체,법인->개인,24,2,55,4,21,1,10,1,17,1
"서울특별시","성북구",거래주체,법인->법인,49,2,6,0,0,0,0,0,22,1
"서울특별시","성북구",거래주체,법인->기타,0,0,1,0,129,6,509,21,48,2
"서울특별시","성북구",거래주체,기타->개인,7,1,8,1,6,0,3,0,4,0
"서울특별시","성북구",거래주체,기타->법인,0,0,0,0,0,0,0,0,0,0
"서울특별시","성북구",거래주체,기타->기타,0,0,0,0,0,0,0,0,0,0
"서울특별시","성북구",거래규모,20㎡이하,28,0,53,1,69,1,55,1,68,1
"서울특별시","성북구",거래규모,21~40㎡,81,3,27,1,59,2,202,8,89,3
"서울특별시","성북구",거래규모,41~60㎡,1490,87,2059,120,1272,73,557,28,938,55
"서울특별시","성북구",거래규모,61~85㎡,1455,122,2008,167,1014,84,234,19,733,61
"서울특별시","성북구",거래규모,86~100㎡,9,1,24,2,4,0,8,1,4,0
"서울특별시","성북구",거래규모,101~135㎡,510,60,701,82,283,33,50,6,166,20
"서울특별시","성북구",거래규모,136~165㎡,18,3,40,6,17,3,3,0,7,1
"서울특별시","성북구",거래규모,166~198㎡,14,3,15,3,6,1,5,1,8,1
"서울특별시","성북구",거래규모,198㎡초과,1,0,1,0,0,0,0,0,0,0
"서울특별시","성북구",매입자연령대,20대이하,110,7,176,12,130,8,25,2,62,4
"서울특별시","성북구",매입자연령대,30대,1187,85,1811,129,1094,76,226,15,730,50
"서울특별시","성북구",매입자연령대,40대,1062,88,1355,113,676,55,132,10,499,39
"서울특별시","성북구",매입자연령대,50대,590,48,848,71,359,27,87,6,323,25
"서울특별시","성북구",매입자연령대,60대,368,29,457,36,194,15,42,3,162,11
"서울특별시","성북구",매입자연령대,70대이상,179,14,219,16,125,9,37,3,81,6
"서울특별시","성북구",매입자연령대,기타,110,6,62,5,146,7,565,25,156,8
"서울특별시","강북구",매입자거주지,관할 시군구내,581,45,947,76,340,27,88,6,265,21
"서울특별시","강북구",매입자거주지,관할 시도내,438,31,994,72,600,38,78,5,278,18
"서울특별시","강북구",매입자거주지,관할 시도외 서울,0,0,0,0,0,0,0,0,0,0
"서울특별시","강북구",매입자거주지,관할 시도외 기타,182,12,490,33,154,11,116,4,306,13
"서울특별시","강북구",거래주체,개인->개인,1170,87,2219,172,1042,73,203,14,594,43
"서울특별시","강북구",거래주체,개인->법인,15,1,82,3,0,0,1,0,2,0
"서울특별시","강북구",거래주체,개인->기타,2,0,37,2,0,0,0,0,148,3
"서울특별시","강북구",거래주체,법인->개인,7,0,89,4,49,2,6,0,9,1
"서울특별시","강북구",거래주체,법인->법인,5,0,0,0,0,0,0,0,0,0
"서울특별시","강북구",거래주체,법인->기타,0,0,1,0,0,0,72,1,95,4
"서울특별시","강북구",거래주체,기타->개인,2,0,3,0,3,0,0,0,1,0
"서울특별시","강북구",거래주체,기타->법인,0,0,0,0,0,0,0,0,0,0
"서울특별시","강북구",거래주체,기타->기타,0,0,0,0,0,0,0,0,0,0
"서울특별시","강북구",거래규모,20㎡이하,28,1,24,0,88,1,76,1,140,2
"서울특별시","강북구",거래규모,21~40㎡,8,0,131,4,46,1,31,1,79,2
"서울특별시","강북구",거래규모,41~60㎡,472,27,873,50,393,22,62,4,302,17
"서울특별시","강북구",거래규모,61~85㎡,557,46,1103,92,457,38,93,8,275,23
"서울특별시","강북구",거래규모,86~100㎡,1,0,1,0,7,1,0,0,3,0
"서울특별시","강북구",거래규모,101~135㎡,131,15,288,34,101,12,20,2,44,5
"서울특별시","강북구",거래규모,136~165㎡,4,1,10,2,2,0,0,0,6,1
"서울특별시","강북구",거래규모,166~198㎡,0,0,0,0,0,0,0,0,0,0
"서울특별시","강북구",거래규모,198㎡초과,0,0,1,0,0,0,0,0,0,0
"서울특별시","강북구",매입자연령대,20대이하,27,2,91,5,48,3,9,0,23,1
"서울특별시","강북구",매입자연령대,30대,324,23,751,53,366,26,61,4,199,13
"서울특별시","강북구",매입자연령대,40대,333,26,673,55,261,20,49,3,160,12
"서울특별시","강북구",매입자연령대,50대,271,21,418,34,204,13,56,4,123,9
"서울특별시","강북구",매입자연령대,60대,155,11,239,18,131,9,12,1,66,5
"서울특별시","강북구",매입자연령대,70대이상,69,5,139,10,84,6,22,2,33,2
"서울특별시","강북구",매입자연령대,기타,22,1,120,5,0,0,73,1,245,8
"서울특별시","도봉구",매입자거주지,관할 시군구내,1351,101,2241,170,837,62,184,13,524,37
"서울특별시","도봉구",매입자거주지,관할 시도내,905,59,1769,115,885,55,167,10,374,24
"서울특별시","도봉구",매입자거주지,관할 시도외 서울,0,0,0,0,0,0,0,0,0,0
"서울특별시","도봉구",매입자거주지,관할 시도외 기타,511,33,901,57,373,23,88,5,230,14
"서울특별시","도봉구",거래주체,개인->개인,2638,184,4779,334,2053,138,430,27,1110,74
"서울특별시","도봉구",거래주체,개인->법인,23,1,27,2,9,0,1,0,1,0
"서울특별시","도봉구",거래주체,개인->기타,34,2,4,0,4,0,0,0,2,0
"서울특별시","도봉구",거래주체,법인->개인,51,3,94,6,26,1,8,1,9,1
"서울특별시","도봉구",거래주체,법인->법인,12,1,3,0,0,0,0,0,0,0
"서울특별시","도봉구",거래주체,법인->기타,0,0,0,0,0,0,0,0,0,0
"서울특별시","도봉구",거래주체,기타->개인,9,1,4,0,3,0,0,0,5,0
"서울특별시","도봉구",거래주체,기타->법인,0,0,0,0,0,0,0,0,0,0
"서울특별시","도봉구",거래주체,기타->기타,0,0,0,0,0,0,0,0,1,0
"서울특별시","도봉구",거래규모,20㎡이하,22,0,43,1,45,1,30,0,24,0
"서울특별시","도봉구",거래규모,21~40㎡,201,7,325,11,182,6,43,1,118,4
"서울특별시","도봉구",거래규모,41~60㎡,1018,52,1778,92,798,42,163,8,415,22
"서울특별시","도봉구",거래규모,61~85㎡,1290,103,2379,191,952,77,169,14,508,41
"서울특별시","도봉구",거래규모,86~100㎡,29,3,48,4,18,2,6,1,11,1
"서울특별시","도봉구",거래규모,101~135㎡,178,22,287,34,85,10,20,2,43,5
"서울특별시","도봉구",거래규모,136~165㎡,15,2,34,5,6,1,2,0,4,1
"서울특별시","도봉구",거래규모,166~198㎡,10,2,13,2,7,1,4,1,2,0
"서울특별시","도봉구",거래규모,198㎡초과,4,1,4,1,2,0,2,0,3,1
"서울특별시","도봉구",매입자연령대,20대이하,122,7,271,15,154,8,36,2,56,3
"서울특별시","도봉구",매입자연령대,30대,708,46,1313,84,715,44,143,9,362,23
"서울특별시","도봉구",매입자연령대,40대,716,54,1181,89,471,34,91,6,276,19
"서울특별시","도봉구",매입자연령대,50대,611,44,1040,77,337,25,76,5,206,15
"서울특별시","도봉구",매입자연령대,60대,372,26,744,52,259,18,55,3,169,12
"서울특별시","도봉구",매입자연령대,70대이상,169,11,328,22,146,10,37,3,55,4
"서울특별시","도봉구",매입자연령대,기타,69,4,34,2,13,1,1,0,4,0
"서울특별시","노원구",매입자거주지,관할 시군구내,3336,237,4331,307,1682,117,342,23,1228,84
"서울특별시","노원구",매입자거주지,관할 시도내,1848,111,3350,196,1849,103,371,20,857,50
"서울특별시","노원구",매입자거주지,관할 시도외 서울,0,0,0,0,0,0,0,0,0,0
"서울특별시","노원구",매입자거주지,관할 시도외 기타,1531,84,2168,123,903,52,203,11,562,31
"서울특별시","노원구",거래주체,개인->개인,6421,417,9625,613,4373,269,885,52,2597,162
"서울특별시","노원구",거래주체,개인->법인,91,5,64,4,8,0,5,0,2,0
"서울특별시","노원구",거래주체,개인->기타,15,1,6,0,1,0,4,0,3,0
"서울특별시","노원구",거래주체,법인->개인,77,6,128,7,36,2,17,1,38,3
"서울특별시","노원구",거래주체,법인->법인,12,1,5,0,6,0,0,0,0,0
"서울특별시","노원구",거래주체,법인->기타,90,1,0,0,0,0,0,0,0,0
"서울특별시","노원구",거래주체,기타->개인,8,1,21,1,10,1,5,0,7,0
"서울특별시","노원구",거래주체,기타->법인,0,0,0,0,0,0,0,0,0,0
"서울특별시","노원구",거래주체,기타->기타,1,0,0,0,0,0,0,0,0,0
"서울특별시","노원구",거래규모,20㎡이하,129,2,53,1,50,1,44,1,54,1
"서울특별시","노원구",거래규모,21~40㎡,689,25,1049,39,547,20,123,4,261,9
"서울특별시","노원구",거래규모,41~60㎡,3352,178,5213,273,2415,127,474,25,1455,76
"서울특별시","노원구",거래규모,61~85㎡,1939,157,2739,221,1143,92,206,17,662,54
"서울특별시","노원구",거래규모,86~100㎡,103,10,127,12,49,5,14,1,30,3
"서울특별시","노원구",거래규모,101~135㎡,458,54,609,72,207,24,50,6,167,19
"서울특별시","노원구",거래규모,136~165㎡,42,6,59,8,23,3,5,1,18,3
"서울특별시","노원구",거래규모,166~198㎡,3,1,0,0,0,0,0,0,0,0
"서울특별시","노원구",거래규모,198㎡초과,0,0,0,0,0,0,0,0,0,0
"서울특별시","노원구",매입자연령대,20대이하,297,16,598,30,331,16,77,4,185,9
"서울특별시","노원구",매입자연령대,30대,1816,112,3199,186,1854,102,381,20,844,47
"서울특별시","노원구",매입자연령대,40대,2075,147,2814,198,1171,83,199,13,758,52
"서울특별시","노원구",매입자연령대,50대,1257,84,1782,122,547,37,118,8,502,34
"서울특별시","노원구",매입자연령대,60대,723,45,933,57,342,21,74,4,235,15
"서울특별시","노원구",매입자연령대,70대이상,338,20,448,28,174,11,58,4,118,7
"서울특별시","노원구",매입자연령대,기타,209,8,75,4,15,1,9,0,5,0
"서울특별시","은평구",매입자거주지,관할 시군구내,1087,85,1741,138,821,62,301,20,657,50
"서울특별시","은평구",매입자거주지,관할 시도내,716,51,1164,88,781,52,207,12,640,36
"서울특별시","은평구",매입자거주지,관할 시도외 서울,0,0,0,0,0,0,0,0,0,0
"서울특별시","은평구",매입자거주지,관할 시도외 기타,428,31,816,62,341,24,134,9,341,25
"서울특별시","은평구",거래주체,개인->개인,2127,160,3509,275,1764,128,568,37,1327,98
"서울특별시","은평구",거래주체,개인->법인,15,1,31,2,3,0,21,2,2,0
"서울특별시","은평구",거래주체,개인->기타,2,0,15,1,3,0,0,0,5,1
"서울특별시","은평구",거래주체,법인->개인,45,3,138,8,74,5,50,2,42,2
"서울특별시","은평구",거래주체,법인->법인,32,1,15,0,0,0,1,0,0,0
"서울특별시","은평구",거래주체,법인->기타,3,0,0,0,91,4,0,0,254,9
"서울특별시","은평구",거래주체,기타->개인,7,1,11,1,8,1,2,0,3,0
"서울특별시","은평구",거래주체,기타->법인,0,0,0,0,0,0,0,0,5,0
"서울특별시","은평구",거래주체,기타->기타,0,0,2,0,0,0,0,0,0,0
"서울특별시","은평구",거래규모,20㎡이하,40,1,103,2,57,1,60,1,37,1
"서울특별시","은평구",거래규모,21~40㎡,128,4,141,4,170,5,99,3,307,11
"서울특별시","은평구",거래규모,41~60㎡,769,44,1105,64,684,38,180,10,541,31
"서울특별시","은평구",거래규모,61~85㎡,982,80,1743,143,779,63,242,20,614,51
"서울특별시","은평구",거래규모,86~100㎡,14,1,24,2,7,1,2,0,12,1
"서울특별시","은평구",거래규모,101~135㎡,263,31,530,62,212,25,50,6,102,12
"서울특별시","은평구",거래규모,136~165㎡,14,2,28,4,16,2,3,0,6,1
"서울특별시","은평구",거래규모,166~198㎡,21,4,45,8,17,3,6,1,19,3
"서울특별시","은평구",거래규모,198㎡초과,0,0,2,0,1,0,0,0,0,0
"서울특별시","은평구",매입자연령대,20대이하,74,5,123,8,90,5,37,2,31,2
"서울특별시","은평구",매입자연령대,30대,638,45,1117,82,639,43,190,11,447,30
"서울특별시","은평구",매입자연령대,40대,552,44,1007,81,460,36,136,9,360,27
"서울특별시","은평구",매입자연령대,50대,443,34,664,55,276,22,123,8,272,22
"서울특별시","은평구",매입자연령대,60대,299,22,472,38,210,16,62,4,169,13
"서울특별시","은평구",매입자연령대,70대이상,173,13,275,21,171,12,72,5,93,7
"서울특별시","은평구",매입자연령대,기타,52,3,63,4,97,4,22,2,266,10
"서울특별시","서대문구",매입자거주지,관할 시군구내,916,74,1160,96,537,42,125,9,497,40
"서울특별시","서대문구",매입자거주지,관할 시도내,1047,73,1455,103,829,57,189,13,615,40
"서울특별시","서대문구",매입자거주지,관할 시도외 서울,0,0,0,0,0,0,0,0,0,0
"서울특별시","서대문구",매입자거주지,관할 시도외 기타,578,41,663,49,309,21,96,6,295,21
"서울특별시","서대문구",거래주체,개인->개인,2289,176,3049,236,1558,115,389,27,1298,97
"서울특별시","서대문구",거래주체,개인->법인,33,2,27,2,5,0,0,0,0,0
"서울특별시","서대문구",거래주체,개인->기타,4,0,7,1,1,0,1,0,1,0
"서울특별시","서대문구",거래주체,법인->개인,111,5,69,4,40,2,19,1,17,1
"서울특별시","서대문구",거래주체,법인->법인,94,3,118,4,63,2,0,0,1,0
"서울특별시","서대문구",거래주체,법인->기타,0,0,0,0,0,0,0,0,84,2
"서울특별시","서대문구",거래주체,기타->개인,10,1,8,1,8,1,1,0,6,0
"서울특별시","서대문구",거래주체,기타->법인,0,0,0,0,0,0,0,0,0,0
"서울특별시","서대문구",거래주체,기타->기타,0,0,0,0,0,0,0,0,0,0
"서울특별시","서대문구",거래규모,20㎡이하,68,1,56,1,45,1,24,0,36,0
"서울특별시","서대문구",거래규모,21~40㎡,196,6,218,7,147,5,40,1,122,4
"서울특별시","서대문구",거래규모,41~60㎡,791,46,1010,58,573,33,130,7,514,30
"서울특별시","서대문구",거래규모,61~85㎡,1170,96,1581,130,726,59,174,14,596,49
"서울특별시","서대문구",거래규모,86~100㎡,18,2,24,2,14,1,1,0,8,1
"서울특별시","서대문구",거래규모,101~135㎡,258,30,322,37,143,17,35,4,99,11
"서울특별시","서대문구",거래규모,136~165㎡,31,5,45,7,19,3,4,1,22,3
"서울특별시","서대문구",거래규모,166~198㎡,2,0,12,2,3,1,1,0,4,1
"서울특별시","서대문구",거래규모,198㎡초과,7,2,10,2,5,1,1,0,6,1
"서울특별시","서대문구",매입자연령대,20대이하,83,5,139,9,82,5,22,1,47,3
"서울특별시","서대문구",매입자연령대,30대,824,59,1197,85,702,48,172,12,537,37
"서울특별시","서대문구",매입자연령대,40대,647,51,834,69,431,33,84,6,345,27
"서울특별시","서대문구",매입자연령대,50대,476,38,509,43,193,16,56,4,225,18
"서울특별시","서대문구",매입자연령대,60대,245,19,307,24,123,9,43,3,118,9
"서울특별시","서대문구",매입자연령대,70대이상,135,10,140,10,75,6,32,2,49,4
"서울특별시","서대문구",매입자연령대,기타,131,6,152,7,69,2,1,0,86,3
"서울특별시","마포구",매입자거주지,관할 시군구내,1020,84,1211,101,613,47,208,15,513,40
"서울특별시","마포구",매입자거주지,관할 시도내,1030,76,1274,96,737,55,207,14,580,42
"서울특별시","마포구",매입자거주지,관할 시도외 서울,0,0,0,0,0,0,0,0,0,0
"서울특별시","마포구",매입자거주지,관할 시도외 기타,632,44,742,53,352,25,125,8,483,31
"서울특별시","마포구",거래주체,개인->개인,2562,196,3091,242,1658,123,486,34,1479,108
"서울특별시","마포구",거래주체,개인->법인,46,3,28,2,16,1,4,0,5,0
"서울특별시","마포구",거래주체,개인->기타,5,1,54,2,3,0,2,0,60,1
"서울특별시","마포구",거래주체,법인->개인,29,2,41,3,14,1,45,2,28,2
"서울특별시","마포구",거래주체,법인->법인,36,2,0,0,0,0,0,0,0,0
"서울특별시","마포구",거래주체,법인->기타,0,0,0,0,0,0,0,0,0,0
"서울특별시","마포구",거래주체,기타->개인,4,0,13,1,11,1,3,0,4,0
"서울특별시","마포구",거래주체,기타->법인,0,0,0,0,0,0,0,0,0,0
"서울특별시","마포구",거래주체,기타->기타,0,0,0,0,0,0,0,0,0,0
"서울특별시","마포구",거래규모,20㎡이하,42,1,46,1,43,1,33,0,89,2
"서울특별시","마포구",거래규모,21~40㎡,157,5,140,5,115,4,71,2,74,2
"서울특별시","마포구",거래규모,41~60㎡,935,54,1111,64,602,34,186,10,622,36
"서울특별시","마포구",거래규모,61~85㎡,1136,94,1369,113,691,57,173,14,609,51
"서울특별시","마포구",거래규모,86~100㎡,28,3,50,5,20,2,9,1,15,1
"서울특별시","마포구",거래규모,101~135㎡,299,35,417,48,171,20,53,6,125,14
"서울특별시","마포구",거래규모,136~165㎡,71,10,77,11,51,7,12,2,35,5
"서울특별시","마포구",거래규모,166~198㎡,12,2,12,2,7,1,1,0,7,1
"서울특별시","마포구",거래규모,198㎡초과,2,0,5,1,2,0,2,0,0,0
"서울특별시","마포구",매입자연령대,20대이하,68,4,90,5,77,4,30,2,36,2
"서울특별시","마포구",매입자연령대,30대,920,67,1235,89,678,47,201,13,585,40
"서울특별시","마포구",매입자연령대,40대,776,62,952,79,453,37,133,10,447,35
"서울특별시","마포구",매입자연령대,50대,508,41,547,46,260,20,84,6,277,21
"서울특별시","마포구",매입자연령대,60대,238,18,221,18,126,10,51,3,112,10
"서울특별시","마포구",매입자연령대,70대이상,85,7,100,8,89,7,35,2,54,4
"서울특별시","마포구",매입자연령대,기타,87,5,82,4,19,2,6,0,65,2
"서울특별시","양천구",매입자거주지,관할 시군구내,1912,164,1908,157,942,77,205,16,775,65
"서울특별시","양천구",매입자거주지,관할 시도내,1053,83,1442,104,733,53,175,13,519,39
"서울특별시","양천구",매입자거주지,관할 시도외 서울,0,0,0,0,0,0,0,0,0,0
"서울특별시","양천구",매입자거주지,관할 시도외 기타,700,52,783,58,386,28,90,6,321,23
"서울특별시","양천구",거래주체,개인->개인,3580,291,3829,304,1927,149,456,34,1572,124
"서울특별시","양천구",거래주체,개인->법인,34,3,22,2,6,1,0,0,2,0
"서울특별시","양천구",거래주체,개인->기타,3,0,4,0,1,0,0,0,1,0
"서울특별시","양천구",거래주체,법인->개인,36,4,74,5,115,6,11,1,10,1
"서울특별시","양천구",거래주체,법인->법인,4,0,187,6,0,0,0,0,0,0
"서울특별시","양천구",거래주체,법인->기타,0,0,0,0,0,0,0,0,29,1
"서울특별시","양천구",거래주체,기타->개인,8,1,16,1,12,1,3,0,1,0
"서울특별시","양천구",거래주체,기타->법인,0,0,1,0,0,0,0,0,0,0
"서울특별시","양천구",거래주체,기타->기타,0,0,0,0,0,0,0,0,0,0
"서울특별시","양천구",거래규모,20㎡이하,16,0,13,0,12,0,11,0,10,0
"서울특별시","양천구",거래규모,21~40㎡,20,1,215,7,30,1,10,0,11,0
"서울특별시","양천구",거래규모,41~60㎡,1083,59,1303,71,741,40,172,9,546,30
"서울특별시","양천구",거래규모,61~85㎡,1672,133,1819,145,918,73,199,16,723,58
"서울특별시","양천구",거래규모,86~100㎡,222,21,159,15,87,8,16,2,73,7
"서울특별시","양천구",거래규모,101~135㎡,428,49,433,50,201,23,46,5,177,20
"서울특별시","양천구",거래규모,136~165㎡,181,28,144,22,60,9,13,2,61,9
"서울특별시","양천구",거래규모,166~198㎡,31,6,29,5,10,2,3,1,12,2
"서울특별시","양천구",거래규모,198㎡초과,12,3,18,4,2,0,0,0,2,0
"서울특별시","양천구",매입자연령대,20대이하,86,6,119,7,70,4,18,1,35,2
"서울특별시","양천구",매입자연령대,30대,963,72,1124,80,642,44,159,10,463,33
"서울특별시","양천구",매입자연령대,40대,1401,122,1448,121,769,63,157,13,660,56
"서울특별시","양천구",매입자연령대,50대,722,61,734,62,329,26,72,5,257,22
"서울특별시","양천구",매입자연령대,60대,334,26,336,27,138,11,32,2,105,8
"서울특별시","양천구",매입자연령대,70대이상,118,9,158,12,106,8,32,2,63,5
"서울특별시","양천구",매입자연령대,기타,41,3,214,9,7,1,0,0,32,2
"서울특별시","강서구",매입자거주지,관할 시군구내,1748,136,2945,230,1398,103,284,20,937,69
"서울특별시","강서구",매입자거주지,관할 시도내,907,60,1875,122,1042,67,218,12,455,30
"서울특별시","강서구",매입자거주지,관할 시도외 서울,0,0,0,0,0,0,0,0,0,0
"서울특별시","강서구",매입자거주지,관할 시도외 기타,736,47,1494,100,742,49,200,11,456,28
"서울특별시","강서구",거래주체,개인->개인,3231,233,6113,439,3063,211,608,37,1758,122
"서울특별시","강서구",거래주체,개인->법인,56,3,59,3,11,0,6,0,2,0
"서울특별시","강서구",거래주체,개인->기타,7,1,5,0,56,3,3,0,5,0
"서울특별시","강서구",거래주체,법인->개인,86,6,112,8,43,2,31,2,64,3
"서울특별시","강서구",거래주체,법인->법인,6,0,11,0,0,0,4,0,15,1
"서울특별시","강서구",거래주체,법인->기타,0,0,0,0,0,0,49,3,0,0
"서울특별시","강서구",거래주체,기타->개인,5,0,14,1,9,1,1,0,4,0
"서울특별시","강서구",거래주체,기타->법인,0,0,0,0,0,0,0,0,0,0
"서울특별시","강서구",거래주체,기타->기타,0,0,0,0,0,0,0,0,0,0
"서울특별시","강서구",거래규모,20㎡이하,74,1,126,1,88,1,75,1,72,1
"서울특별시","강서구",거래규모,21~40㎡,399,14,747,27,464,16,114,4,242,8
"서울특별시","강서구",거래규모,41~60㎡,1078,60,2110,119,1072,60,182,10,650,37
"서울특별시","강서구",거래규모,61~85㎡,1416,117,2544,210,1212,99,276,22,707,58
"서울특별시","강서구",거래규모,86~100㎡,37,3,64,6,33,3,5,0,19,2
"서울특별시","강서구",거래규모,101~135㎡,339,40,623,73,266,32,38,4,123,15
"서울특별시","강서구",거래규모,136~165㎡,32,5,67,10,34,5,5,1,23,3
"서울특별시","강서구",거래규모,166~198㎡,16,3,33,6,13,2,7,1,12,2
"서울특별시","강서구",거래규모,198㎡초과,0,0,0,0,0,0,0,0,0,0
"서울특별시","강서구",매입자연령대,20대이하,143,8,303,16,190,10,41,2,85,5
"서울특별시","강서구",매입자연령대,30대,1143,76,2599,172,1450,92,247,14,734,46
"서울특별시","강서구",매입자연령대,40대,877,67,1626,129,738,57,143,9,503,37
"서울특별시","강서구",매입자연령대,50대,604,46,890,69,357,28,107,7,252,19
"서울특별시","강서구",매입자연령대,60대,393,30,567,43,241,17,58,4,172,12
"서울특별시","강서구",매입자연령대,70대이상,162,12,254,19,139,10,44,3,80,6
"서울특별시","강서구",매입자연령대,기타,69,4,75,4,67,3,62,4,22,1
"서울특별시","구로구",매입자거주지,관할 시군구내,1633,123,2230,174,914,69,245,16,612,46
"서울특별시","구로구",매입자거주지,관할 시도내,1209,72,1761,122,1218,72,358,19,505,34
"서울특별시","구로구",매입자거주지,관할 시도외 서울,0,0,0,0,0,0,0,0,0,0
"서울특별시","구로구",매입자거주지,관할 시도외 기타,743,49,1525,95,688,42,216,9,356,21
"서울특별시","구로구",거래주체,개인->개인,3140,227,5137,372,2514,169,680,38,1442,99
"서울특별시","구로구",거래주체,개인->법인,40,2,202,9,33,1,4,0,7,0
"서울특별시","구로구",거래주체,개인->기타,105,6,11,1,150,7,88,5,0,0
"서울특별시","구로구",거래주체,법인->개인,39,3,113,6,101,5,46,2,20,1
"서울특별시","구로구",거래주체,법인->법인,2,0,20,1,20,1,1,0,0,0
"서울특별시","구로구",거래주체,법인->기타,144,3,26,1,0,0,0,0,0,0
"서울특별시","구로구",거래주체,기타->개인,12,1,6,0,2,0,0,0,4,0
"서울특별시","구로구",거래주체,기타->법인,103,2,0,0,0,0,0,0,0,0
"서울특별시","구로구",거래주체,기타->기타,0,0,1,0,0,0,0,0,0,0
"서울특별시","구로구",거래규모,20㎡이하,207,3,90,1,179,3,157,2,83,1
"서울특별시","구로구",거래규모,21~40㎡,314,9,421,14,241,8,101,3,88,3
"서울특별시","구로구",거래규모,41~60㎡,1232,69,2071,115,1171,64,308,17,576,32
"서울특별시","구로구",거래규모,61~85㎡,1491,121,2384,195,1025,83,205,17,595,49
"서울특별시","구로구",거래규모,86~100㎡,12,1,32,3,13,1,3,0,7,1
"서울특별시","구로구",거래규모,101~135㎡,292,34,445,51,160,19,41,5,100,12
"서울특별시","구로구",거래규모,136~165㎡,24,4,58,9,24,4,3,0,21,3
"서울특별시","구로구",거래규모,166~198㎡,12,2,15,3,6,1,1,0,3,1
"서울특별시","구로구",거래규모,198㎡초과,1,0,0,0,1,0,0,0,0,0
"서울특별시","구로구",매입자연령대,20대이하,138,8,287,16,199,11,63,3,71,4
"서울특별시","구로구",매입자연령대,30대,1051,73,1988,137,1123,73,240,14,573,38
"서울특별시","구로구",매입자연령대,40대,844,66,1292,99,563,42,177,10,338,25
"서울특별시","구로구",매입자연령대,50대,579,43,857,66,370,23,109,6,250,19
"서울특별시","구로구",매입자연령대,60대,396,29,573,42,221,15,84,5,156,10
"서울특별시","구로구",매입자연령대,70대이상,183,13,259,18,141,10,53,3,78,5
"서울특별시","구로구",매입자연령대,기타,394,13,260,12,203,9,93,5,7,0
"서울특별시","금천구",매입자거주지,관할 시군구내,791,60,771,59,612,48,115,8,306,23
"서울특별시","금천구",매입자거주지,관할 시도내,397,27,702,41,394,24,242,9,143,9
"서울특별시","금천구",매입자거주지,관할 시도외 서울,0,0,0,0,0,0,0,0,0,0
"서울특별시","금천구",매입자거주지,관할 시도외 기타,329,22,408,26,244,15,70,3,107,7
"서울특별시","금천구",거래주체,개인->개인,1460,106,1540,112,1048,70,275,16,542,38
"서울특별시","금천구",거래주체,개인->법인,27,1,29,1,6,0,3,0,1,0
"서울특별시","금천구",거래주체,개인->기타,3,0,3,0,0,0,0,0,2,0
"서울특별시","금천구",거래주체,법인->개인,21,1,85,6,191,16,14,0,9,0
"서울특별시","금천구",거래주체,법인->법인,2,0,88,3,0,0,0,0,0,0
"서울특별시","금천구",거래주체,법인->기타,1,0,133,3,0,0,135,4,0,0
"서울특별시","금천구",거래주체,기타->개인,3,0,3,0,5,0,0,0,2,0
"서울특별시","금천구",거래주체,기타->법인,0,0,0,0,0,0,0,0,0,0
"서울특별시","금천구",거래주체,기타->기타,0,0,0,0,0,0,0,0,0,0
"서울특별시","금천구",거래규모,20㎡이하,20,0,87,1,118,2,79,1,28,0
"서울특별시","금천구",거래규모,21~40㎡,88,3,204,6,53,2,148,4,23,1
"서울특별시","금천구",거래규모,41~60㎡,567,32,658,36,382,22,80,5,220,13
"서울특별시","금천구",거래규모,61~85㎡,630,51,689,56,568,47,93,8,224,19
"서울특별시","금천구",거래규모,86~100㎡,48,4,50,5,18,2,5,0,10,1
"서울특별시","금천구",거래규모,101~135㎡,158,18,191,22,108,12,22,2,50,6
"서울특별시","금천구",거래규모,136~165㎡,5,1,2,0,3,0,0,0,1,0
"서울특별시","금천구",거래규모,166~198㎡,0,0,0,0,0,0,0,0,0,0
"서울특별시","금천구",거래규모,198㎡초과,1,0,0,0,0,0,0,0,0,0
"서울특별시","금천구",매입자연령대,20대이하,87,5,99,6,78,4,26,1,17,1
"서울특별시","금천구",매입자연령대,30대,375,26,492,35,404,27,101,6,180,12
"서울특별시","금천구",매입자연령대,40대,362,27,417,31,287,21,59,4,135,10
"서울특별시","금천구",매입자연령대,50대,355,26,325,25,254,17,47,3,132,10
"서울특별시","금천구",매입자연령대,60대,196,15,193,14,128,10,35,2,68,5
"서울특별시","금천구",매입자연령대,70대이상,109,8,102,7,93,7,21,1,21,2
"서울특별시","금천구",매입자연령대,기타,33,2,253,8,6,0,138,4,3,0
"서울특별시","영등포구",매입자거주지,관할 시군구내,1246,95,1622,121,665,56,229,16,833,59
"서울특별시","영등포구",매입자거주지,관할 시도내,943,69,1463,107,861,61,248,15,623,46
"서울특별시","영등포구",매입자거주지,관할 시도외 서울,0,0,0,0,0,0,0,0,0,0
"서울특별시","영등포구",매입자거주지,관할 시도외 기타,753,50,972,67,552,32,243,12,453,30
"서울특별시","영등포구",거래주체,개인->개인,2726,205,3695,282,1981,144,592,38,1655,124
"서울특별시","영등포구",거래주체,개인->법인,75,4,62,3,20,1,18,1,101,2
"서울특별시","영등포구",거래주체,개인->기타,1,0,5,0,31,1,0,0,3,0
"서울특별시","영등포구",거래주체,법인->개인,120,4,250,9,31,2,79,2,147,9
"서울특별시","영등포구",거래주체,법인->법인,8,0,38,2,11,0,0,0,0,0
"서울특별시","영등포구",거래주체,법인->기타,0,0,0,0,1,0,29,2,0,0
"서울특별시","영등포구",거래주체,기타->개인,12,1,7,0,3,0,2,0,3,0
"서울특별시","영등포구",거래주체,기타->법인,0,0,0,0,0,0,0,0,0,0
"서울특별시","영등포구",거래주체,기타->기타,0,0,0,0,0,0,0,0,0,0
"서울특별시","영등포구",거래규모,20㎡이하,354,5,403,5,266,4,251,4,207,3
"서울특별시","영등포구",거래규모,21~40㎡,61,2,147,5,103,3,37,1,104,3
"서울특별시","영등포구",거래규모,41~60㎡,860,49,1145,65,588,33,157,9,628,36
"서울특별시","영등포구",거래규모,61~85㎡,1157,94,1730,141,768,62,171,14,698,57
"서울특별시","영등포구",거래규모,86~100㎡,72,7,104,10,50,5,7,1,35,3
"서울특별시","영등포구",거래규모,101~135㎡,269,32,350,41,176,21,46,5,116,14
"서울특별시","영등포구",거래규모,136~165㎡,133,20,141,21,104,16,37,6,96,14
"서울특별시","영등포구",거래규모,166~198㎡,22,4,24,4,13,2,8,1,18,3
"서울특별시","영등포구",거래규모,198㎡초과,14,3,13,3,10,2,6,1,7,2
"서울특별시","영등포구",매입자연령대,20대이하,95,6,151,8,114,6,43,1,73,4
"서울특별시","영등포구",매입자연령대,30대,1020,72,1518,106,842,57,216,13,704,48
"서울특별시","영등포구",매입자연령대,40대,690,55,929,76,474,38,164,10,437,34
"서울특별시","영등포구",매입자연령대,50대,552,45,668,57,332,25,145,9,345,28
"서울특별시","영등포구",매입자연령대,60대,360,23,522,30,152,12,63,4,171,14
"서울특별시","영등포구",매입자연령대,70대이상,141,10,164,14,101,8,42,3,75,6
"서울특별시","영등포구",매입자연령대,기타,84,4,105,5,63,2,47,3,104,2
"서울특별시","동작구",매입자거주지,관할 시군구내,940,81,1103,94,646,46,169,13,429,33
"서울특별시","동작구",매입자거주지,관할 시도내,1030,82,1434,116,784,62,183,13,523,40
"서울특별시","동작구",매입자거주지,관할 시도외 서울,0,0,0,0,0,0,0,0,0,0
"서울특별시","동작구",매입자거주지,관할 시도외 기타,536,42,687,52,318,24,244,8,332,23
"서울특별시","동작구",거래주체,개인->개인,2434,199,3151,257,1627,129,446,31,1258,94
"서울특별시","동작구",거래주체,개인->법인,22,2,19,1,3,0,4,0,3,0
"서울특별시","동작구",거래주체,개인->기타,2,0,8,1,4,0,1,0,1,0
"서울특별시","동작구",거래주체,법인->개인,24,2,25,2,12,1,7,1,17,1
"서울특별시","동작구",거래주체,법인->법인,19,1,13,1,0,0,0,0,1,0
"서울특별시","동작구",거래주체,법인->기타,0,0,0,0,99,1,135,2,0,0
"서울특별시","동작구",거래주체,기타->개인,4,0,8,1,3,0,3,0,4,0
"서울특별시","동작구",거래주체,기타->법인,1,0,0,0,0,0,0,0,0,0
"서울특별시","동작구",거래주체,기타->기타,0,0,0,0,0,0,0,0,0,0
"서울특별시","동작구",거래규모,20㎡이하,50,1,66,1,157,2,205,3,93,1
"서울특별시","동작구",거래규모,21~40㎡,44,2,41,1,34,1,21,1,23,1
"서울특별시","동작구",거래규모,41~60㎡,656,38,895,52,480,27,113,6,410,24
"서울특별시","동작구",거래규모,61~85㎡,1281,106,1610,134,774,64,179,15,594,49
"서울특별시","동작구",거래규모,86~100㎡,10,1,14,1,8,1,1,0,3,0
"서울특별시","동작구",거래규모,101~135㎡,404,48,529,62,249,29,66,8,143,17
"서울특별시","동작구",거래규모,136~165㎡,53,8,59,9,38,6,10,2,12,2
"서울특별시","동작구",거래규모,166~198㎡,4,1,5,1,0,0,0,0,3,1
"서울특별시","동작구",거래규모,198㎡초과,4,1,5,1,8,2,1,0,3,1
"서울특별시","동작구",매입자연령대,20대이하,65,4,69,5,63,4,29,2,44,2
"서울특별시","동작구",매입자연령대,30대,880,68,1204,91,646,47,163,11,496,35
"서울특별시","동작구",매입자연령대,40대,628,53,874,76,422,35,96,7,324,25
"서울특별시","동작구",매입자연령대,50대,497,44,566,50,238,21,78,6,221,17
"서울특별시","동작구",매입자연령대,60대,222,19,290,25,146,12,34,3,107,8
"서울특별시","동작구",매입자연령대,70대이상,170,13,181,15,127,10,56,4,87,6
"서울특별시","동작구",매입자연령대,기타,44,3,40,3,106,2,140,3,5,0
"서울특별시","관악구",매입자거주지,관할 시군구내,1073,82,1299,100,664,50,207,14,467,36
"서울특별시","관악구",매입자거주지,관할 시도내,568,39,970,68,629,41,184,11,281,20
"서울특별시","관악구",매입자거주지,관할 시도외 서울,0,0,0,0,0,0,0,0,0,0
"서울특별시","관악구",매입자거주지,관할 시도외 기타,518,35,718,51,311,20,71,4,407,23
"서울특별시","관악구",거래주체,개인->개인,2027,146,2868,211,1537,106,434,27,970,69
"서울특별시","관악구",거래주체,개인->법인,102,7,73,5,3,0,2,0,4,0
"서울특별시","관악구",거래주체,개인->기타,3,0,5,0,2,0,2,0,1,0
"서울특별시","관악구",거래주체,법인->개인,23,2,36,2,53,3,18,1,10,1
"서울특별시","관악구",거래주체,법인->법인,2,0,1,0,0,0,0,0,165,8
"서울특별시","관악구",거래주체,법인->기타,0,0,0,0,0,0,0,0,0,0
"서울특별시","관악구",거래주체,기타->개인,2,0,4,0,9,1,6,0,5,0
"서울특별시","관악구",거래주체,기타->법인,0,0,0,0,0,0,0,0,0,0
"서울특별시","관악구",거래주체,기타->기타,0,0,0,0,0,0,0,0,0,0
"서울특별시","관악구",거래규모,20㎡이하,92,1,169,2,129,2,99,1,71,1
"서울특별시","관악구",거래규모,21~40㎡,87,3,98,3,108,4,35,1,162,6
"서울특별시","관악구",거래규모,41~60㎡,847,49,1044,60,576,33,128,7,362,21
"서울특별시","관악구",거래규모,61~85㎡,820,67,1168,96,601,49,139,11,434,36
"서울특별시","관악구",거래규모,86~100㎡,24,2,32,3,9,1,11,1,5,0
"서울특별시","관악구",거래규모,101~135㎡,271,31,444,51,164,19,47,5,105,12
"서울특별시","관악구",거래규모,136~165㎡,14,2,26,4,15,2,1,0,15,2
"서울특별시","관악구",거래규모,166~198㎡,4,1,6,1,2,0,2,0,1,0
"서울특별시","관악구",거래규모,198㎡초과,0,0,0,0,0,0,0,0,0,0
"서울특별시","관악구",매입자연령대,20대이하,89,5,156,9,106,7,33,1,41,2
"서울특별시","관악구",매입자연령대,30대,657,45,971,68,653,43,160,9,358,24
"서울특별시","관악구",매입자연령대,40대,560,43,675,54,334,24,92,6,234,19
"서울특별시","관악구",매입자연령대,50대,378,28,585,44,263,18,65,5,171,12
"서울특별시","관악구",매입자연령대,60대,247,18,331,25,134,10,52,3,124,8
"서울특별시","관악구",매입자연령대,70대이상,121,9,190,13,109,8,56,4,57,4
"서울특별시","관악구",매입자연령대,기타,107,7,79,6,5,0,4,0,170,8
"서울특별시","서초구",매입자거주지,관할 시군구내,1344,142,1446,143,950,94,559,46,583,58
"서울특별시","서초구",매입자거주지,관할 시도내,1143,108,1399,129,1035,94,288,25,673,57
"서울특별시","서초구",매입자거주지,관할 시도외 서울,0,0,0,0,0,0,0,0,0,0
"서울특별시","서초구",매입자거주지,관할 시도외 기타,663,57,814,69,542,47,222,14,388,34
"서울특별시","서초구",거래주체,개인->개인,2993,291,3382,317,2326,218,688,61,1553,142
"서울특별시","서초구",거래주체,개인->법인,85,9,56,6,12,1,12,1,8,1
"서울특별시","서초구",거래주체,개인->기타,11,1,7,1,7,1,1,0,2,0
"서울특별시","서초구",거래주체,법인->개인,38,4,73,7,74,8,86,7,72,7
"서울특별시","서초구",거래주체,법인->법인,5,0,15,3,0,0,2,0,0,0
"서울특별시","서초구",거래주체,법인->기타,0,0,0,0,0,0,53,1,0,0
"서울특별시","서초구",거래주체,기타->개인,17,2,126,8,108,7,227,15,9,1
"서울특별시","서초구",거래주체,기타->법인,1,0,0,0,0,0,0,0,0,0
"서울특별시","서초구",거래주체,기타->기타,0,0,0,0,0,0,0,0,0,0
"서울특별시","서초구",거래규모,20㎡이하,24,0,39,1,40,1,67,1,19,0
"서울특별시","서초구",거래규모,21~40㎡,141,5,231,8,241,8,157,5,115,4
"서울특별시","서초구",거래규모,41~60㎡,519,30,737,41,524,29,258,14,315,18
"서울특별시","서초구",거래규모,61~85㎡,1236,101,1325,108,818,67,330,27,661,55
"서울특별시","서초구",거래규모,86~100㎡,108,10,113,11,70,7,14,1,56,5
"서울특별시","서초구",거래규모,101~135㎡,603,70,657,77,415,49,115,14,274,32
"서울특별시","서초구",거래규모,136~165㎡,276,41,292,44,204,31,55,8,85,13
"서울특별시","서초구",거래규모,166~198㎡,111,20,131,23,88,16,32,6,59,10
"서울특별시","서초구",거래규모,198㎡초과,132,30,134,30,127,29,41,9,60,14
"서울특별시","서초구",매입자연령대,20대이하,54,4,78,5,89,5,46,2,27,1
"서울특별시","서초구",매입자연령대,30대,755,64,970,80,731,60,227,18,421,33
"서울특별시","서초구",매입자연령대,40대,1135,112,1346,129,860,83,320,28,656,59
"서울특별시","서초구",매입자연령대,50대,641,69,647,65,445,45,186,17,327,32
"서울특별시","서초구",매입자연령대,60대,291,29,365,35,210,21,125,10,121,14
"서울특별시","서초구",매입자연령대,70대이상,172,17,175,17,173,18,97,8,82,9
"서울특별시","서초구",매입자연령대,기타,102,10,78,10,19,2,68,3,10,1
"서울특별시","강남구",매입자거주지,관할 시군구내,1855,192,1727,165,2052,172,1313,101,912,86
"서울특별시","강남구",매입자거주지,관할 시도내,1637,141,1401,119,954,79,356,23,959,75
"서울특별시","강남구",매입자거주지,관할 시도외 서울,0,0,0,0,0,0,0,0,0,0
"서울특별시","강남구",매입자거주지,관할 시도외 기타,1180,98,1158,92,596,48,217,17,572,42
"서울특별시","강남구",거래주체,개인->개인,4410,406,3805,336,2334,202,805,69,2298,194
"서울특별시","강남구",거래주체,개인->법인,155,15,154,11,28,2,8,1,9,1
"서울특별시","강남구",거래주체,개인->기타,10,1,9,1,6,1,3,0,2,0
"서울특별시","강남구",거래주체,법인->개인,54,5,148,13,127,13,379,26,57,5
"서울특별시","강남구",거래주체,법인->법인,3,0,4,1,5,0,91,2,48,1
"서울특별시","강남구",거래주체,법인->기타,0,0,1,0,0,0,0,0,18,1
"서울특별시","강남구",거래주체,기타->개인,37,4,164,13,1102,82,600,43,11,1
"서울특별시","강남구",거래주체,기타->법인,1,0,0,0,0,0,0,0,0,0
"서울특별시","강남구",거래주체,기타->기타,2,0,1,0,0,0,0,0,0,0
"서울특별시","강남구",거래규모,20㎡이하,56,1,85,1,75,1,135,2,86,1
"서울특별시","강남구",거래규모,21~40㎡,427,15,581,20,479,16,199,6,335,12
"서울특별시","강남구",거래규모,41~60㎡,882,48,736,41,666,38,524,30,546,31
"서울특별시","강남구",거래규모,61~85㎡,1350,110,1316,106,1469,118,679,54,664,54
"서울특별시","강남구",거래규모,86~100㎡,331,31,233,22,137,13,52,5,160,15
"서울특별시","강남구",거래규모,101~135㎡,893,104,755,87,393,45,149,17,359,42
"서울특별시","강남구",거래규모,136~165㎡,475,71,338,51,199,30,81,12,208,31
"서울특별시","강남구",거래규모,166~198㎡,156,28,158,28,102,18,32,6,56,10
"서울특별시","강남구",거래규모,198㎡초과,102,23,84,19,82,19,35,8,29,7
"서울특별시","강남구",매입자연령대,20대이하,72,5,106,5,141,8,72,5,59,3
"서울특별시","강남구",매입자연령대,30대,993,80,1115,83,820,60,334,23,647,44
"서울특별시","강남구",매입자연령대,40대,1817,168,1555,142,1353,117,642,52,951,87
"서울특별시","강남구",매입자연령대,50대,988,100,773,77,687,63,326,27,416,38
"서울특별시","강남구",매입자연령대,60대,433,42,380,38,342,29,229,17,162,16
"서울특별시","강남구",매입자연령대,70대이상,198,18,188,18,220,20,181,14,131,12
"서울특별시","강남구",매입자연령대,기타,171,17,169,13,39,2,102,3,77,3
"서울특별시","송파구",매입자거주지,관할 시군구내,2325,211,2062,182,941,78,281,23,1028,88
"서울특별시","송파구",매입자거주지,관할 시도내,1808,156,1804,150,859,69,251,19,958,76
"서울특별시","송파구",매입자거주지,관할 시도외 서울,0,0,0,0,0,0,0,0,0,0
"서울특별시","송파구",매입자거주지,관할 시도외 기타,1433,118,1364,111,596,47,195,15,821,63
"서울특별시","송파구",거래주체,개인->개인,5407,472,5074,430,2316,187,700,55,2766,223
"서울특별시","송파구",거래주체,개인->법인,70,6,40,4,9,1,2,0,6,0
"서울특별시","송파구",거래주체,개인->기타,5,0,5,0,2,0,1,0,2,0
"서울특별시","송파구",거래주체,법인->개인,32,3,66,6,50,4,22,2,26,2
"서울특별시","송파구",거래주체,법인->법인,16,1,30,1,1,0,1,0,0,0
"서울특별시","송파구",거래주체,법인->기타,0,0,0,0,0,0,0,0,0,0
"서울특별시","송파구",거래주체,기타->개인,36,2,15,1,18,1,1,0,7,1
"서울특별시","송파구",거래주체,기타->법인,0,0,0,0,0,0,0,0,0,0
"서울특별시","송파구",거래주체,기타->기타,0,0,0,0,0,0,0,0,0,0
"서울특별시","송파구",거래규모,20㎡이하,30,0,48,1,58,1,29,0,36,0
"서울특별시","송파구",거래규모,21~40㎡,212,7,368,12,251,8,105,3,229,8
"서울특별시","송파구",거래규모,41~60㎡,1232,69,1235,68,582,32,150,8,743,42
"서울특별시","송파구",거래규모,61~85㎡,2410,201,2085,172,887,74,270,23,1131,95
"서울특별시","송파구",거래규모,86~100㎡,153,14,135,13,59,6,12,1,76,7
"서울특별시","송파구",거래규모,101~135㎡,1044,119,864,100,361,41,99,11,405,46
"서울특별시","송파구",거래규모,136~165㎡,390,57,362,53,129,19,35,5,127,18
"서울특별시","송파구",거래규모,166~198㎡,88,15,111,19,59,11,21,4,58,10
"서울특별시","송파구",거래규모,198㎡초과,7,2,22,5,10,2,6,1,2,0
"서울특별시","송파구",매입자연령대,20대이하,91,6,114,7,82,5,29,2,69,4
"서울특별시","송파구",매입자연령대,30대,1524,117,1662,123,824,58,210,15,905,62
"서울특별시","송파구",매입자연령대,40대,1741,155,1593,142,735,64,235,20,961,81
"서울특별시","송파구",매입자연령대,50대,1160,111,984,94,390,37,122,11,449,42
"서울특별시","송파구",매입자연령대,60대,668,63,545,50,207,18,68,6,241,22
"서울특별시","송파구",매입자연령대,70대이상,291,25,257,22,146,12,59,4,174,15
"서울특별시","송파구",매입자연령대,기타,91,8,75,5,12,1,4,1,8,1
"서울특별시","강동구",매입자거주지,관할 시군구내,1475,115,1863,146,832,62,240,16,853,65
"서울특별시","강동구",매입자거주지,관할 시도내,1405,101,1771,127,765,50,190,12,692,50
"서울특별시","강동구",매입자거주지,관할 시도외 서울,0,0,0,0,0,0,0,0,0,0
"서울특별시","강동구",매입자거주지,관할 시도외 기타,957,69,1100,77,485,30,150,8,640,44
"서울특별시","강동구",거래주체,개인->개인,3590,275,4463,336,1958,138,546,34,2119,154
"서울특별시","강동구",거래주체,개인->법인,49,3,94,4,12,0,8,0,3,0
"서울특별시","강동구",거래주체,개인->기타,2,0,1,0,12,0,2,0,3,0
"서울특별시","강동구",거래주체,법인->개인,135,5,113,7,93,4,23,1,23,1
"서울특별시","강동구",거래주체,법인->법인,54,1,33,1,6,0,0,0,35,3
"서울특별시","강동구",거래주체,법인->기타,0,0,19,1,0,0,0,0,0,0
"서울특별시","강동구",거래주체,기타->개인,7,0,11,1,1,0,1,0,2,0
"서울특별시","강동구",거래주체,기타->법인,0,0,0,0,0,0,0,0,0,0
"서울특별시","강동구",거래주체,기타->기타,0,0,0,0,0,0,0,0,0,0
"서울특별시","강동구",거래규모,20㎡이하,253,4,288,4,225,3,113,2,64,1
"서울특별시","강동구",거래규모,21~40㎡,114,3,134,4,127,4,46,1,48,1
"서울특별시","강동구",거래규모,41~60㎡,1022,59,1396,81,603,35,156,9,833,49
"서울특별시","강동구",거래규모,61~85㎡,1858,152,2299,188,928,76,220,18,1071,88
"서울특별시","강동구",거래규모,86~100㎡,120,12,87,8,26,3,9,1,22,2
"서울특별시","강동구",거래규모,101~135㎡,433,49,470,54,149,17,29,3,133,15
"서울특별시","강동구",거래규모,136~165㎡,28,4,44,6,8,1,1,0,11,2
"서울특별시","강동구",거래규모,166~198㎡,4,1,9,2,11,2,3,1,2,0
"서울특별시","강동구",거래규모,198㎡초과,5,1,7,2,5,1,3,1,1,0
"서울특별시","강동구",매입자연령대,20대이하,106,6,141,8,103,5,34,1,52,3
"서울특별시","강동구",매입자연령대,30대,1054,76,1500,105,649,42,175,11,686,47
"서울특별시","강동구",매입자연령대,40대,1029,81,1376,110,643,49,149,10,726,53
"서울특별시","강동구",매입자연령대,50대,770,59,806,64,286,20,108,7,349,27
"서울특별시","강동구",매입자연령대,60대,467,36,502,38,202,13,56,4,200,16
"서울특별시","강동구",매입자연령대,70대이상,306,23,262,19,169,12,48,3,131,10
"서울특별시","강동구",매입자연령대,기타,105,5,147,5,30,1,10,0,41,3
"부산광역시","중구",매입자거주지,관할 시군구내,120,8,191,13,148,10,69,4,71,5
"부산광역시","중구",매입자거주지,관할 시도내,91,5,170,9,219,13,95,6,48,3
"부산광역시","중구",매입자거주지,관할 시도외 서울,5,0,11,1,12,1,7,0,5,0
"부산광역시","중구",매입자거주지,관할 시도외 기타,16,1,46,2,88,5,42,3,18,1
"부산광역시","중구",거래주체,개인->개인,172,11,354,21,413,25,183,12,121,7
"부산광역시","중구",거래주체,개인->법인,3,0,6,0,28,1,18,1,0,0
"부산광역시","중구",거래주체,개인->기타,0,0,7,0,1,0,0,0,3,0
"부산광역시","중구",거래주체,법인->개인,55,4,51,3,22,1,9,1,18,1
"부산광역시","중구",거래주체,법인->법인,1,0,0,0,3,0,2,0,0,0
"부산광역시","중구",거래주체,법인->기타,0,0,0,0,0,0,0,0,0,0
"부산광역시","중구",거래주체,기타->개인,1,0,0,0,0,0,1,0,0,0
"부산광역시","중구",거래주체,기타->법인,0,0,0,0,0,0,0,0,0,0
"부산광역시","중구",거래주체,기타->기타,0,0,0,0,0,0,0,0,0,0
"부산광역시","중구",거래규모,20㎡이하,0,0,0,0,3,0,1,0,2,0
"부산광역시","중구",거래규모,21~40㎡,42,1,92,3,104,4,42,1,31,1
"부산광역시","중구",거래규모,41~60㎡,63,3,152,8,161,9,66,3,43,2
"부산광역시","중구",거래규모,61~85㎡,121,9,166,13,186,14,90,7,63,5
"부산광역시","중구",거래규모,86~100㎡,2,0,2,0,5,0,3,0,2,0
"부산광역시","중구",거래규모,101~135㎡,3,0,3,0,4,0,4,0,1,0
"부산광역시","중구",거래규모,136~165㎡,1,0,3,0,4,1,7,1,0,0
"부산광역시","중구",거래규모,166~198㎡,0,0,0,0,0,0,0,0,0,0
"부산광역시","중구",거래규모,198㎡초과,0,0,0,0,0,0,0,0,0,0
"부산광역시","중구",매입자연령대,20대이하,6,0,19,1,27,2,12,1,9,1
"부산광역시","중구",매입자연령대,30대,38,2,60,4,79,5,26,2,16,1
"부산광역시","중구",매입자연령대,40대,51,3,88,5,116,7,55,3,28,2
"부산광역시","중구",매입자연령대,50대,64,4,116,7,88,5,44,3,32,2
"부산광역시","중구",매입자연령대,60대,49,3,89,5,71,4,29,2,28,1
"부산광역시","중구",매입자연령대,70대이상,20,1,33,2,54,3,27,2,26,2
"부산광역시","중구",매입자연령대,기타,4,0,13,1,32,2,20,1,3,0
"부산광역시","서구",매입자거주지,관할 시군구내,437,31,564,45,468,36,239,19,349,26
"부산광역시","서구",매입자거주지,관할 시도내,293,19,436,35,389,29,222,15,242,19
"부산광역시","서구",매입자거주지,관할 시도외 서울,16,1,24,2,27,2,13,1,16,1
"부산광역시","서구",매입자거주지,관할 시도외 기타,44,3,135,10,185,17,100,6,86,7
"부산광역시","서구",거래주체,개인->개인,620,46,1103,88,942,71,461,36,648,51
"부산광역시","서구",거래주체,개인->법인,50,2,8,1,99,11,35,1,5,0
"부산광역시","서구",거래주체,개인->기타,0,0,1,0,4,0,5,0,2,0
"부산광역시","서구",거래주체,법인->개인,119,7,42,3,22,2,29,2,34,2
"부산광역시","서구",거래주체,법인->법인,0,0,4,0,0,0,42,2,1,0
"부산광역시","서구",거래주체,법인->기타,0,0,0,0,0,0,0,0,0,0
"부산광역시","서구",거래주체,기타->개인,1,0,1,0,0,0,2,0,3,0
"부산광역시","서구",거래주체,기타->법인,0,0,0,0,1,0,0,0,0,0
"부산광역시","서구",거래주체,기타->기타,0,0,0,0,1,0,0,0,0,0
"부산광역시","서구",거래규모,20㎡이하,85,1,6,0,3,0,22,0,2,0
"부산광역시","서구",거래규모,21~40㎡,49,1,37,1,61,2,73,3,53,2
"부산광역시","서구",거래규모,41~60㎡,174,9,268,15,263,14,115,6,125,7
"부산광역시","서구",거래규모,61~85㎡,385,31,650,53,516,41,284,23,410,33
"부산광역시","서구",거래규모,86~100㎡,21,2,34,3,49,4,18,2,24,2
"부산광역시","서구",거래규모,101~135㎡,63,8,134,16,146,17,52,6,69,8
"부산광역시","서구",거래규모,136~165㎡,12,2,29,4,30,4,9,1,10,2
"부산광역시","서구",거래규모,166~198㎡,1,0,0,0,1,0,0,0,0,0
"부산광역시","서구",거래규모,198㎡초과,0,0,1,0,0,0,1,0,0,0
"부산광역시","서구",매입자연령대,20대이하,56,2,37,3,41,3,32,2,31,2
"부산광역시","서구",매입자연령대,30대,118,9,249,20,204,16,100,8,135,11
"부산광역시","서구",매입자연령대,40대,185,15,302,25,220,17,104,8,173,14
"부산광역시","서구",매입자연령대,50대,156,12,240,19,199,15,116,9,156,12
"부산광역시","서구",매입자연령대,60대,130,10,204,16,181,13,79,6,120,9
"부산광역시","서구",매입자연령대,70대이상,95,5,114,8,119,8,61,5,70,5
"부산광역시","서구",매입자연령대,기타,50,2,13,1,105,11,82,3,8,1
"부산광역시","동구",매입자거주지,관할 시군구내,183,12,438,31,249,15,155,10,203,14
"부산광역시","동구",매입자거주지,관할 시도내,187,11,748,46,348,19,159,10,229,14
"부산광역시","동구",매입자거주지,관할 시도외 서울,17,1,49,3,28,1,16,1,12,1
"부산광역시","동구",매입자거주지,관할 시도외 기타,87,5,254,14,156,7,108,5,61,4
"부산광역시","동구",거래주체,개인->개인,364,23,1344,85,719,40,362,22,481,31
"부산광역시","동구",거래주체,개인->법인,51,3,55,3,24,1,13,1,4,0
"부산광역시","동구",거래주체,개인->기타,1,0,2,0,0,0,3,0,0,0
"부산광역시","동구",거래주체,법인->개인,58,3,84,5,32,2,32,2,19,1
"부산광역시","동구",거래주체,법인->법인,0,0,1,0,2,0,26,1,0,0
"부산광역시","동구",거래주체,법인->기타,0,0,0,0,0,0,0,0,0,0
"부산광역시","동구",거래주체,기타->개인,0,0,2,0,4,0,1,0,1,0
"부산광역시","동구",거래주체,기타->법인,0,0,0,0,0,0,1,0,0,0
"부산광역시","동구",거래주체,기타->기타,0,0,1,0,0,0,0,0,0,0
"부산광역시","동구",거래규모,20㎡이하,23,0,27,0,38,1,13,0,38,1
"부산광역시","동구",거래규모,21~40㎡,111,4,448,16,243,9,110,4,60,2
"부산광역시","동구",거래규모,41~60㎡,155,8,333,18,231,12,147,8,142,8
"부산광역시","동구",거래규모,61~85㎡,161,13,590,47,245,19,148,12,249,20
"부산광역시","동구",거래규모,86~100㎡,1,0,26,3,5,0,4,0,2,0
"부산광역시","동구",거래규모,101~135㎡,15,2,47,6,15,2,15,2,14,2
"부산광역시","동구",거래규모,136~165㎡,8,1,15,2,3,0,1,0,0,0
"부산광역시","동구",거래규모,166~198㎡,0,0,0,0,0,0,0,0,0,0
"부산광역시","동구",거래규모,198㎡초과,0,0,3,1,1,0,0,0,0,0
"부산광역시","동구",매입자연령대,20대이하,20,1,110,6,61,3,33,2,26,2
"부산광역시","동구",매입자연령대,30대,84,5,283,18,162,10,78,5,130,9
"부산광역시","동구",매입자연령대,40대,118,7,376,24,150,8,95,6,152,9
"부산광역시","동구",매입자연령대,50대,87,5,328,21,172,10,90,5,79,5
"부산광역시","동구",매입자연령대,60대,75,5,222,14,129,7,58,3,79,5
"부산광역시","동구",매입자연령대,70대이상,38,2,111,7,80,4,41,2,35,2
"부산광역시","동구",매입자연령대,기타,52,3,59,3,27,1,43,2,4,0
"부산광역시","영도구",매입자거주지,관할 시군구내,633,44,1045,73,889,63,439,31,380,27
"부산광역시","영도구",매입자거주지,관할 시도내,185,11,538,34,427,26,157,10,115,7
"부산광역시","영도구",매입자거주지,관할 시도외 서울,22,1,57,3,102,5,59,3,23,1
"부산광역시","영도구",매입자거주지,관할 시도외 기타,96,5,312,17,414,23,206,11,128,7
"부산광역시","영도구",거래주체,개인->개인,816,54,1717,113,1665,106,711,47,584,39
"부산광역시","영도구",거래주체,개인->법인,19,1,59,3,88,5,45,2,2,0
"부산광역시","영도구",거래주체,개인->기타,0,0,4,0,1,0,10,1,2,0
"부산광역시","영도구",거래주체,법인->개인,97,6,157,9,70,4,88,5,56,3
"부산광역시","영도구",거래주체,법인->법인,0,0,2,2,4,0,2,0,0,0
"부산광역시","영도구",거래주체,법인->기타,0,0,0,0,1,0,0,0,2,0
"부산광역시","영도구",거래주체,기타->개인,4,0,10,1,3,0,5,0,0,0
"부산광역시","영도구",거래주체,기타->법인,0,0,1,0,0,0,0,0,0,0
"부산광역시","영도구",거래주체,기타->기타,0,0,2,0,0,0,0,0,0,0
"부산광역시","영도구",거래규모,20㎡이하,4,0,4,0,1,0,6,0,4,0
"부산광역시","영도구",거래규모,21~40㎡,76,3,136,5,72,3,44,1,36,1
"부산광역시","영도구",거래규모,41~60㎡,453,23,1051,53,1029,52,437,22,299,15
"부산광역시","영도구",거래규모,61~85㎡,293,23,544,43,583,45,309,24,251,20
"부산광역시","영도구",거래규모,86~100㎡,48,4,88,8,62,5,27,2,29,3
"부산광역시","영도구",거래규모,101~135㎡,46,6,89,11,63,8,27,3,21,3
"부산광역시","영도구",거래규모,136~165㎡,13,2,24,4,19,3,6,1,5,1
"부산광역시","영도구",거래규모,166~198㎡,3,1,15,3,3,1,5,1,1,0
"부산광역시","영도구",거래규모,198㎡초과,0,0,1,2,0,0,0,0,0,0
"부산광역시","영도구",매입자연령대,20대이하,45,3,96,6,116,6,63,4,29,2
"부산광역시","영도구",매입자연령대,30대,139,9,304,19,337,21,144,9,117,7
"부산광역시","영도구",매입자연령대,40대,231,16,479,32,434,28,173,11,144,10
"부산광역시","영도구",매입자연령대,50대,283,18,488,32,371,24,216,15,161,11
"부산광역시","영도구",매입자연령대,60대,165,11,346,23,310,20,146,10,144,10
"부산광역시","영도구",매입자연령대,70대이상,54,3,171,11,170,11,62,4,45,3
"부산광역시","영도구",매입자연령대,기타,19,1,68,5,94,5,57,3,6,0
"부산광역시","부산진구",매입자거주지,관할 시군구내,1880,132,4403,335,2149,157,1140,80,1705,124
"부산광역시","부산진구",매입자거주지,관할 시도내,1119,68,3453,232,1420,94,708,46,1065,71
"부산광역시","부산진구",매입자거주지,관할 시도외 서울,43,2,194,12,98,6,52,3,54,3
"부산광역시","부산진구",매입자거주지,관할 시도외 기타,597,32,1395,81,497,31,282,17,481,23
"부산광역시","부산진구",거래주체,개인->개인,3100,207,8226,596,3876,272,1998,135,2932,203
"부산광역시","부산진구",거래주체,개인->법인,288,17,476,22,65,4,27,2,15,1
"부산광역시","부산진구",거래주체,개인->기타,15,1,14,1,8,1,16,1,5,0
"부산광역시","부산진구",거래주체,법인->개인,175,9,582,36,163,11,133,7,183,11
"부산광역시","부산진구",거래주체,법인->법인,52,1,127,5,43,2,1,0,0,0
"부산광역시","부산진구",거래주체,법인->기타,4,0,2,0,2,0,1,0,152,4
"부산광역시","부산진구",거래주체,기타->개인,5,0,17,1,7,1,6,0,16,1
"부산광역시","부산진구",거래주체,기타->법인,0,0,0,0,0,0,0,0,0,0
"부산광역시","부산진구",거래주체,기타->기타,0,0,1,0,0,0,0,0,2,0
"부산광역시","부산진구",거래규모,20㎡이하,128,1,36,1,22,0,14,0,86,1
"부산광역시","부산진구",거래규모,21~40㎡,502,15,1273,43,485,15,318,9,462,14
"부산광역시","부산진구",거래규모,41~60㎡,1338,70,3142,166,1517,83,822,45,1106,61
"부산광역시","부산진구",거래규모,61~85㎡,1324,105,3857,308,1745,140,840,68,1418,115
"부산광역시","부산진구",거래규모,86~100㎡,40,4,92,9,33,3,22,2,14,1
"부산광역시","부산진구",거래규모,101~135㎡,234,28,781,92,272,32,127,15,174,20
"부산광역시","부산진구",거래규모,136~165㎡,57,9,195,29,59,9,31,5,38,6
"부산광역시","부산진구",거래규모,166~198㎡,14,2,49,9,28,5,7,1,4,1
"부산광역시","부산진구",거래규모,198㎡초과,2,0,20,4,3,1,1,0,3,1
"부산광역시","부산진구",매입자연령대,20대이하,159,9,502,31,255,16,139,8,130,8
"부산광역시","부산진구",매입자연령대,30대,646,44,1872,136,1035,71,511,36,822,58
"부산광역시","부산진구",매입자연령대,40대,856,59,2284,169,908,67,462,33,722,53
"부산광역시","부산진구",매입자연령대,50대,769,51,2003,147,806,58,467,31,669,47
"부산광역시","부산진구",매입자연령대,60대,586,35,1409,98,617,43,362,23,499,32
"부산광역시","부산진구",매입자연령대,70대이상,264,17,755,51,425,28,196,12,289,17
"부산광역시","부산진구",매입자연령대,기타,359,19,620,28,118,6,45,3,174,5
"부산광역시","동래구",매입자거주지,관할 시군구내,1427,115,3112,261,1286,98,595,45,996,80
"부산광역시","동래구",매입자거주지,관할 시도내,1083,82,2962,235,1120,84,449,33,885,69
"부산광역시","동래구",매입자거주지,관할 시도외 서울,58,4,105,8,135,5,20,1,22,2
"부산광역시","동래구",매입자거주지,관할 시도외 기타,407,30,878,67,336,24,131,9,238,18
"부산광역시","동래구",거래주체,개인->개인,2642,209,6431,529,2638,200,1144,85,2089,165
"부산광역시","동래구",거래주체,개인->법인,89,6,137,9,49,2,5,0,2,0
"부산광역시","동래구",거래주체,개인->기타,79,5,56,3,6,0,1,0,1,0
"부산광역시","동래구",거래주체,법인->개인,146,9,344,23,113,8,41,3,44,3
"부산광역시","동래구",거래주체,법인->법인,12,1,69,5,64,2,2,0,1,0
"부산광역시","동래구",거래주체,법인->기타,0,0,0,0,0,0,0,0,0,0
"부산광역시","동래구",거래주체,기타->개인,5,0,16,1,7,0,2,0,3,0
"부산광역시","동래구",거래주체,기타->법인,2,0,4,0,0,0,0,0,0,0
"부산광역시","동래구",거래주체,기타->기타,0,0,0,0,0,0,0,0,1,0
"부산광역시","동래구",거래규모,20㎡이하,5,0,11,0,5,0,7,0,4,0
"부산광역시","동래구",거래규모,21~40㎡,82,2,82,2,174,4,52,1,45,1
"부산광역시","동래구",거래규모,41~60㎡,870,48,1826,100,920,51,348,19,521,29
"부산광역시","동래구",거래규모,61~85㎡,1592,127,3935,315,1475,118,684,55,1364,112
"부산광역시","동래구",거래규모,86~100㎡,20,2,81,8,13,1,15,1,16,2
"부산광역시","동래구",거래규모,101~135㎡,338,41,906,109,240,29,75,9,163,20
"부산광역시","동래구",거래규모,136~165㎡,52,8,135,21,39,6,11,2,20,3
"부산광역시","동래구",거래규모,166~198㎡,14,3,65,12,9,2,3,1,7,1
"부산광역시","동래구",거래규모,198㎡초과,2,0,16,4,2,0,0,0,1,0
"부산광역시","동래구",매입자연령대,20대이하,104,7,265,19,130,9,54,4,74,5
"부산광역시","동래구",매입자연령대,30대,680,53,1596,129,788,59,305,23,687,53
"부산광역시","동래구",매입자연령대,40대,909,75,2164,187,731,58,314,24,716,59
"부산광역시","동래구",매입자연령대,50대,569,44,1259,105,444,35,216,16,341,28
"부산광역시","동래구",매입자연령대,60대,343,26,982,75,383,27,174,12,207,15
"부산광역시","동래구",매입자연령대,70대이상,188,13,525,39,282,19,124,9,111,8
"부산광역시","동래구",매입자연령대,기타,182,12,266,17,119,4,8,1,5,0
"부산광역시","남구",매입자거주지,관할 시군구내,2077,181,4040,343,1666,131,800,59,1227,101
"부산광역시","남구",매입자거주지,관할 시도내,913,76,2031,161,1110,82,421,30,732,57
"부산광역시","남구",매입자거주지,관할 시도외 서울,193,10,171,10,63,5,26,2,39,3
"부산광역시","남구",매입자거주지,관할 시도외 기타,430,32,730,55,382,25,182,12,202,15
"부산광역시","남구",거래주체,개인->개인,3194,270,5708,488,2957,224,1273,93,2100,169
"부산광역시","남구",거래주체,개인->법인,114,10,127,12,88,5,16,1,11,1
"부산광역시","남구",거래주체,개인->기타,11,1,82,5,10,1,5,0,4,0
"부산광역시","남구",거래주체,법인->개인,98,7,486,36,113,8,116,6,72,5
"부산광역시","남구",거래주체,법인->법인,165,9,365,12,9,1,0,0,0,0
"부산광역시","남구",거래주체,법인->기타,1,0,0,0,0,0,1,0,0,0
"부산광역시","남구",거래주체,기타->개인,22,1,199,17,44,4,18,2,10,1
"부산광역시","남구",거래주체,기타->법인,8,0,1,0,0,0,0,0,3,0
"부산광역시","남구",거래주체,기타->기타,0,0,4,0,0,0,0,0,0,0
"부산광역시","남구",거래규모,20㎡이하,43,1,237,4,27,0,18,0,19,0
"부산광역시","남구",거래규모,21~40㎡,269,10,310,11,145,5,101,4,79,3
"부산광역시","남구",거래규모,41~60㎡,907,50,1789,100,1170,66,562,31,685,39
"부산광역시","남구",거래규모,61~85㎡,1515,124,3112,254,1459,117,598,48,1019,83
"부산광역시","남구",거래규모,86~100㎡,67,7,145,14,37,4,12,1,62,6
"부산광역시","남구",거래규모,101~135㎡,559,66,929,110,266,31,92,11,243,29
"부산광역시","남구",거래규모,136~165㎡,141,21,256,38,59,9,29,4,56,8
"부산광역시","남구",거래규모,166~198㎡,97,17,141,25,47,8,12,2,25,4
"부산광역시","남구",거래규모,198㎡초과,15,4,53,12,11,2,5,1,12,3
"부산광역시","남구",매입자연령대,20대이하,104,7,254,18,190,13,80,5,68,5
"부산광역시","남구",매입자연령대,30대,675,57,1353,112,726,55,294,22,580,45
"부산광역시","남구",매입자연령대,40대,1064,98,1848,169,739,59,328,25,617,53
"부산광역시","남구",매입자연령대,50대,739,62,1401,122,654,50,286,20,432,34
"부산광역시","남구",매입자연령대,60대,453,35,971,77,502,37,255,17,330,25
"부산광역시","남구",매입자연령대,70대이상,279,20,566,42,303,21,164,11,155,12
"부산광역시","남구",매입자연령대,기타,299,21,579,29,107,7,22,1,18,1
"부산광역시","북구",매입자거주지,관할 시군구내,2187,166,3949,308,2181,159,946,69,1586,123
"부산광역시","북구",매입자거주지,관할 시도내,550,39,1538,108,1307,86,448,29,518,36
"부산광역시","북구",매입자거주지,관할 시도외 서울,21,1,95,6,83,5,33,2,25,1
"부산광역시","북구",매입자거주지,관할 시도외 기타,685,47,1000,70,847,54,326,19,304,21
"부산광역시","북구",거래주체,개인->개인,2944,222,6287,473,4076,286,1574,110,2294,174
"부산광역시","북구",거래주체,개인->법인,312,20,198,13,221,11,66,3,10,0
"부산광역시","북구",거래주체,개인->기타,47,3,5,0,4,0,6,0,4,0
"부산광역시","북구",거래주체,법인->개인,34,2,83,6,98,5,96,5,122,6
"부산광역시","북구",거래주체,법인->법인,103,5,3,0,18,1,10,1,0,0
"부산광역시","북구",거래주체,법인->기타,1,0,0,0,0,0,0,0,0,0
"부산광역시","북구",거래주체,기타->개인,2,0,6,0,1,0,1,0,3,0
"부산광역시","북구",거래주체,기타->법인,0,0,0,0,0,0,0,0,0,0
"부산광역시","북구",거래주체,기타->기타,0,0,0,0,0,0,0,0,0,0
"부산광역시","북구",거래규모,20㎡이하,6,0,16,0,4,0,2,0,4,0
"부산광역시","북구",거래규모,21~40㎡,75,3,181,7,184,7,79,3,94,4
"부산광역시","북구",거래규모,41~60㎡,1454,79,2549,139,2136,116,831,45,946,53
"부산광역시","북구",거래규모,61~85㎡,1440,115,2927,238,1757,142,703,56,1076,88
"부산광역시","북구",거래규모,86~100㎡,100,10,171,16,89,8,45,4,66,6
"부산광역시","북구",거래규모,101~135㎡,302,36,603,72,216,26,78,9,207,25
"부산광역시","북구",거래규모,136~165㎡,47,7,103,15,25,4,14,2,25,4
"부산광역시","북구",거래규모,166~198㎡,19,3,32,5,7,1,1,0,15,3
"부산광역시","북구",거래규모,198㎡초과,0,0,0,0,0,0,0,0,0,0
"부산광역시","북구",매입자연령대,20대이하,136,9,324,21,276,18,114,7,83,6
"부산광역시","북구",매입자연령대,30대,695,53,1352,103,1034,74,422,30,662,51
"부산광역시","북구",매입자연령대,40대,789,64,1716,138,905,66,354,26,575,47
"부산광역시","북구",매입자연령대,50대,763,57,1523,115,933,66,360,25,554,41
"부산광역시","북구",매입자연령대,60대,429,30,1042,75,726,49,275,18,403,28
"부산광역시","북구",매입자연령대,70대이상,168,11,419,27,301,19,146,9,142,9
"부산광역시","북구",매입자연령대,기타,463,28,206,14,243,12,82,4,14,1
"부산광역시","해운대구",매입자거주지,관할 시군구내,3265,281,6952,622,2377,185,784,63,1711,142
"부산광역시","해운대구",매입자거주지,관할 시도내,1311,106,3930,315,1614,116,462,34,865,69
"부산광역시","해운대구",매입자거주지,관할 시도외 서울,159,12,360,28,165,12,44,3,61,5
"부산광역시","해운대구",매입자거주지,관할 시도외 기타,748,62,2171,163,831,57,257,18,513,36
"부산광역시","해운대구",거래주체,개인->개인,5170,435,12308,1048,4633,345,1349,104,2887,235
"부산광역시","해운대구",거래주체,개인->법인,154,14,518,35,108,7,41,3,20,1
"부산광역시","해운대구",거래주체,개인->기타,11,1,9,1,9,1,6,1,10,1
"부산광역시","해운대구",거래주체,법인->개인,105,8,532,40,219,15,117,9,104,8
"부산광역시","해운대구",거래주체,법인->법인,31,2,26,2,10,1,8,0,109,5
"부산광역시","해운대구",거래주체,법인->기타,0,0,2,0,0,0,0,0,0,0
"부산광역시","해운대구",거래주체,기타->개인,12,1,17,2,8,1,6,0,17,1
"부산광역시","해운대구",거래주체,기타->법인,0,0,0,0,0,0,20,1,3,0
"부산광역시","해운대구",거래주체,기타->기타,0,0,1,0,0,0,0,0,0,0
"부산광역시","해운대구",거래규모,20㎡이하,11,0,84,1,23,0,13,0,20,0
"부산광역시","해운대구",거래규모,21~40㎡,72,2,236,8,211,7,71,2,180,7
"부산광역시","해운대구",거래규모,41~60㎡,1971,112,4884,268,2377,133,695,39,1114,64
"부산광역시","해운대구",거래규모,61~85㎡,2138,176,4620,379,1640,133,529,43,1229,101
"부산광역시","해운대구",거래규모,86~100㎡,62,6,215,21,46,4,11,1,30,3
"부산광역시","해운대구",거래규모,101~135㎡,870,104,2311,276,493,58,131,16,423,50
"부산광역시","해운대구",거래규모,136~165㎡,245,37,710,109,110,17,56,9,100,15
"부산광역시","해운대구",거래규모,166~198㎡,67,12,247,44,45,8,22,4,28,5
"부산광역시","해운대구",거래규모,198㎡초과,47,10,106,23,42,9,19,4,26,6
"부산광역시","해운대구",매입자연령대,20대이하,192,13,536,36,348,21,110,7,131,9
"부산광역시","해운대구",매입자연령대,30대,1281,108,3136,262,1482,109,399,30,901,70
"부산광역시","해운대구",매입자연령대,40대,1816,162,4116,380,1244,100,368,31,854,76
"부산광역시","해운대구",매입자연령대,50대,1057,89,2565,220,814,62,314,24,604,49
"부산광역시","해운대구",매입자연령대,60대,650,50,1742,134,647,47,189,14,365,29
"부산광역시","해운대구",매입자연령대,70대이상,291,21,762,58,325,22,92,7,153,12
"부산광역시","해운대구",매입자연령대,기타,196,17,556,38,127,8,75,5,142,7
"부산광역시","사하구",매입자거주지,관할 시군구내,2254,166,4183,326,2696,197,1395,99,1535,117
"부산광역시","사하구",매입자거주지,관할 시도내,613,40,1648,119,1351,92,593,41,519,36
"부산광역시","사하구",매입자거주지,관할 시도외 서울,39,3,145,11,167,10,59,3,38,3
"부산광역시","사하구",매입자거주지,관할 시도외 기타,370,25,878,62,1036,62,414,26,257,18
"부산광역시","사하구",거래주체,개인->개인,2754,208,6337,484,4613,326,2082,148,2236,167
"부산광역시","사하구",거래주체,개인->법인,140,9,203,14,282,14,44,2,14,1
"부산광역시","사하구",거래주체,개인->기타,37,2,28,2,23,1,13,1,3,0
"부산광역시","사하구",거래주체,법인->개인,202,10,261,16,252,15,271,15,92,5
"부산광역시","사하구",거래주체,법인->법인,138,5,17,1,37,2,18,1,1,0
"부산광역시","사하구",거래주체,법인->기타,0,0,0,0,8,1,28,2,0,0
"부산광역시","사하구",거래주체,기타->개인,4,0,8,1,13,1,5,0,3,0
"부산광역시","사하구",거래주체,기타->법인,1,0,0,0,1,0,0,0,0,0
"부산광역시","사하구",거래주체,기타->기타,0,0,0,0,21,1,0,0,0,0
"부산광역시","사하구",거래규모,20㎡이하,54,0,54,1,28,0,12,0,13,0
"부산광역시","사하구",거래규모,21~40㎡,178,5,115,4,216,8,77,3,60,2
"부산광역시","사하구",거래규모,41~60㎡,1231,66,2300,123,2413,127,1185,63,864,47
"부산광역시","사하구",거래규모,61~85㎡,1484,120,3579,288,2199,176,1011,81,1209,99
"부산광역시","사하구",거래규모,86~100㎡,14,1,42,4,17,2,10,1,8,1
"부산광역시","사하구",거래규모,101~135㎡,218,25,550,64,281,33,120,14,138,16
"부산광역시","사하구",거래규모,136~165㎡,71,10,158,23,79,11,37,5,43,6
"부산광역시","사하구",거래규모,166~198㎡,23,4,53,10,16,3,9,2,13,2
"부산광역시","사하구",거래규모,198㎡초과,3,1,3,1,1,0,0,0,1,0
"부산광역시","사하구",매입자연령대,20대이하,146,10,329,23,316,21,194,13,107,8
"부산광역시","사하구",매입자연령대,30대,598,45,1254,96,1051,76,472,33,501,37
"부산광역시","사하구",매입자연령대,40대,735,57,1774,140,1178,84,544,38,565,44
"부산광역시","사하구",매입자연령대,50대,775,56,1610,122,1120,78,546,38,571,42
"부산광역시","사하구",매입자연령대,60대,506,36,1145,84,817,58,400,28,441,31
"부산광역시","사하구",매입자연령대,70대이상,200,14,494,35,396,26,202,13,145,10
"부산광역시","사하구",매입자연령대,기타,316,15,248,17,372,20,103,6,19,1
"부산광역시","금정구",매입자거주지,관할 시군구내,1282,101,2942,243,1251,95,687,51,751,62
"부산광역시","금정구",매입자거주지,관할 시도내,533,39,1461,117,767,57,314,22,347,26
"부산광역시","금정구",매입자거주지,관할 시도외 서울,33,3,63,5,30,2,11,1,24,1
"부산광역시","금정구",매입자거주지,관할 시도외 기타,315,22,668,52,308,22,117,8,181,13
"부산광역시","금정구",거래주체,개인->개인,1693,137,4581,378,2123,163,1010,75,1236,98
"부산광역시","금정구",거래주체,개인->법인,48,3,64,5,90,4,6,0,3,0
"부산광역시","금정구",거래주체,개인->기타,47,2,181,13,21,1,17,1,6,0
"부산광역시","금정구",거래주체,법인->개인,343,20,266,18,111,7,90,5,53,3
"부산광역시","금정구",거래주체,법인->법인,16,1,10,1,9,0,3,0,2,0
"부산광역시","금정구",거래주체,법인->기타,8,0,1,0,1,0,1,0,0,0
"부산광역시","금정구",거래주체,기타->개인,6,0,30,3,1,0,2,0,2,0
"부산광역시","금정구",거래주체,기타->법인,1,0,0,0,0,0,0,0,1,0
"부산광역시","금정구",거래주체,기타->기타,1,0,1,0,0,0,0,0,0,0
"부산광역시","금정구",거래규모,20㎡이하,39,0,42,1,27,0,17,0,21,0
"부산광역시","금정구",거래규모,21~40㎡,87,2,74,2,80,3,82,3,53,2
"부산광역시","금정구",거래규모,41~60㎡,667,36,1373,75,787,43,367,20,358,20
"부산광역시","금정구",거래규모,61~85㎡,1052,84,2719,219,1192,95,555,44,668,54
"부산광역시","금정구",거래규모,86~100㎡,8,1,12,1,21,2,7,1,3,0
"부산광역시","금정구",거래규모,101~135㎡,231,28,652,77,166,20,68,8,158,19
"부산광역시","금정구",거래규모,136~165㎡,61,9,187,28,66,10,25,4,33,5
"부산광역시","금정구",거래규모,166~198㎡,14,2,59,10,13,2,6,1,6,1
"부산광역시","금정구",거래규모,198㎡초과,4,1,16,3,4,1,2,0,3,1
"부산광역시","금정구",매입자연령대,20대이하,79,5,153,10,114,8,75,5,39,3
"부산광역시","금정구",매입자연령대,30대,450,35,970,80,524,41,234,17,349,27
"부산광역시","금정구",매입자연령대,40대,594,50,1351,118,516,41,234,18,348,29
"부산광역시","금정구",매입자연령대,50대,484,36,1110,92,454,35,236,17,250,19
"부산광역시","금정구",매입자연령대,60대,283,22,805,63,374,28,178,12,207,16
"부산광역시","금정구",매입자연령대,70대이상,152,10,488,35,253,18,145,10,98,7
"부산광역시","금정구",매입자연령대,기타,121,6,257,18,121,6,27,2,12,1
"부산광역시","강서구",매입자거주지,관할 시군구내,581,50,1788,162,575,49,453,38,1064,88
"부산광역시","강서구",매입자거주지,관할 시도내,405,31,943,73,489,37,248,19,425,33
"부산광역시","강서구",매입자거주지,관할 시도외 서울,13,1,45,3,44,3,12,1,24,2
"부산광역시","강서구",매입자거주지,관할 시도외 기타,199,14,730,58,429,30,210,15,300,23
"부산광역시","강서구",거래주체,개인->개인,1114,91,3252,276,1408,109,816,64,1539,128
"부산광역시","강서구",거래주체,개인->법인,23,2,156,13,65,4,27,2,5,0
"부산광역시","강서구",거래주체,개인->기타,2,0,1,0,1,0,2,0,0,0
"부산광역시","강서구",거래주체,법인->개인,55,3,95,7,62,5,76,7,266,18
"부산광역시","강서구",거래주체,법인->법인,3,0,0,0,0,0,2,0,2,0
"부산광역시","강서구",거래주체,법인->기타,0,0,1,0,1,0,0,0,0,0
"부산광역시","강서구",거래주체,기타->개인,1,0,1,0,0,0,0,0,1,0
"부산광역시","강서구",거래주체,기타->법인,0,0,0,0,0,0,0,0,0,0
"부산광역시","강서구",거래주체,기타->기타,0,0,0,0,0,0,0,0,0,0
"부산광역시","강서구",거래규모,20㎡이하,0,0,0,0,0,0,1,0,0,0
"부산광역시","강서구",거래규모,21~40㎡,31,1,15,0,17,0,10,0,12,0
"부산광역시","강서구",거래규모,41~60㎡,290,17,733,43,621,37,326,19,584,35
"부산광역시","강서구",거래규모,61~85㎡,674,54,2019,163,668,53,440,35,904,73
"부산광역시","강서구",거래규모,86~100㎡,32,3,112,10,52,5,34,3,84,8
"부산광역시","강서구",거래규모,101~135㎡,117,13,414,47,121,14,58,6,112,12
"부산광역시","강서구",거래규모,136~165㎡,37,5,158,23,40,6,33,5,89,12
"부산광역시","강서구",거래규모,166~198㎡,16,3,33,6,11,2,13,2,16,3
"부산광역시","강서구",거래규모,198㎡초과,1,0,22,5,7,2,8,2,12,3
"부산광역시","강서구",매입자연령대,20대이하,58,4,135,10,96,7,61,4,61,5
"부산광역시","강서구",매입자연령대,30대,462,37,1176,98,563,44,348,28,681,54
"부산광역시","강서구",매입자연령대,40대,331,28,1113,100,436,35,263,22,559,48
"부산광역시","강서구",매입자연령대,50대,176,14,414,36,168,13,105,8,261,21
"부산광역시","강서구",매입자연령대,60대,108,8,378,30,158,12,85,7,177,14
"부산광역시","강서구",매입자연령대,70대이상,35,3,132,11,49,4,30,2,67,5
"부산광역시","강서구",매입자연령대,기타,28,2,158,13,67,4,31,2,7,1
"부산광역시","연제구",매입자거주지,관할 시군구내,1099,91,2082,176,1007,77,523,38,879,66
"부산광역시","연제구",매입자거주지,관할 시도내,984,75,2372,187,1132,83,386,27,954,73
"부산광역시","연제구",매입자거주지,관할 시도외 서울,42,3,113,9,36,3,18,1,12,1
"부산광역시","연제구",매입자거주지,관할 시도외 기타,229,17,623,49,261,18,90,6,192,15
"부산광역시","연제구",거래주체,개인->개인,2092,170,4875,397,2306,173,922,67,1983,151
"부산광역시","연제구",거래주체,개인->법인,114,8,105,8,28,2,54,3,4,0
"부산광역시","연제구",거래주체,개인->기타,1,0,9,1,9,1,1,0,3,0
"부산광역시","연제구",거래주체,법인->개인,126,6,178,13,86,4,36,2,45,3
"부산광역시","연제구",거래주체,법인->법인,18,1,9,1,2,0,0,0,0,0
"부산광역시","연제구",거래주체,법인->기타,0,0,0,0,0,0,0,0,0,0
"부산광역시","연제구",거래주체,기타->개인,3,0,14,1,4,0,4,0,2,0
"부산광역시","연제구",거래주체,기타->법인,0,0,0,0,0,0,0,0,0,0
"부산광역시","연제구",거래주체,기타->기타,0,0,0,0,1,0,0,0,0,0
"부산광역시","연제구",거래규모,20㎡이하,8,0,74,1,2,0,9,0,74,1
"부산광역시","연제구",거래규모,21~40㎡,94,3,75,2,109,4,70,2,35,1
"부산광역시","연제구",거래규모,41~60㎡,550,30,1101,62,805,44,343,18,463,26
"부산광역시","연제구",거래규모,61~85㎡,1356,109,3150,253,1297,104,521,42,1309,106
"부산광역시","연제구",거래규모,86~100㎡,22,2,30,3,20,2,2,0,9,1
"부산광역시","연제구",거래규모,101~135㎡,207,24,524,62,155,18,54,6,96,11
"부산광역시","연제구",거래규모,136~165㎡,104,16,185,28,34,5,15,2,38,6
"부산광역시","연제구",거래규모,166~198㎡,13,2,51,9,13,2,3,1,13,2
"부산광역시","연제구",거래규모,198㎡초과,0,0,0,0,1,0,0,0,0,0
"부산광역시","연제구",매입자연령대,20대이하,78,5,210,16,135,9,61,4,68,5
"부산광역시","연제구",매입자연령대,30대,594,46,1254,100,733,54,267,19,697,53
"부산광역시","연제구",매입자연령대,40대,692,57,1360,118,554,43,206,16,491,40
"부산광역시","연제구",매입자연령대,50대,437,36,1111,89,402,31,196,14,397,28
"부산광역시","연제구",매입자연령대,60대,279,22,736,58,330,25,123,8,255,19
"부산광역시","연제구",매입자연령대,70대이상,141,10,396,30,242,16,109,8,122,9
"부산광역시","연제구",매입자연령대,기타,133,10,123,9,40,3,55,3,7,1
"부산광역시","수영구",매입자거주지,관할 시군구내,864,73,1699,149,725,54,291,21,464,37
"부산광역시","수영구",매입자거주지,관할 시도내,1056,82,1869,161,556,42,283,20,555,45
"부산광역시","수영구",매입자거주지,관할 시도외 서울,72,6,143,11,65,3,23,1,40,3
"부산광역시","수영구",매입자거주지,관할 시도외 기타,407,33,559,46,171,12,79,5,285,13
"부산광역시","수영구",거래주체,개인->개인,2015,172,3926,340,1396,105,583,43,1128,90
"부산광역시","수영구",거래주체,개인->법인,88,7,166,13,63,2,42,2,10,1
"부산광역시","수영구",거래주체,개인->기타,7,1,6,0,6,0,1,0,2,0
"부산광역시","수영구",거래주체,법인->개인,151,8,161,13,52,4,45,3,56,3
"부산광역시","수영구",거래주체,법인->법인,134,5,4,0,0,0,4,0,2,0
"부산광역시","수영구",거래주체,법인->기타,1,0,3,0,0,0,0,0,140,3
"부산광역시","수영구",거래주체,기타->개인,3,0,4,0,0,0,1,0,6,0
"부산광역시","수영구",거래주체,기타->법인,0,0,0,0,0,0,0,0,0,0
"부산광역시","수영구",거래주체,기타->기타,0,0,0,0,0,0,0,0,0,0
"부산광역시","수영구",거래규모,20㎡이하,17,0,5,0,13,0,15,0,22,0
"부산광역시","수영구",거래규모,21~40㎡,230,8,100,3,123,4,81,3,199,5
"부산광역시","수영구",거래규모,41~60㎡,426,22,719,38,369,19,192,10,237,12
"부산광역시","수영구",거래규모,61~85㎡,1229,99,2443,196,852,67,298,24,694,55
"부산광역시","수영구",거래규모,86~100㎡,25,2,54,5,16,2,9,1,15,1
"부산광역시","수영구",거래규모,101~135㎡,331,40,662,80,95,11,55,7,132,16
"부산광역시","수영구",거래규모,136~165㎡,106,16,214,31,35,5,19,3,39,6
"부산광역시","수영구",거래규모,166~198㎡,31,6,64,11,14,2,7,1,6,1
"부산광역시","수영구",거래규모,198㎡초과,4,1,9,2,0,0,0,0,0,0
"부산광역시","수영구",매입자연령대,20대이하,96,7,141,10,83,5,44,3,41,3
"부산광역시","수영구",매입자연령대,30대,508,41,871,73,389,29,187,13,333,26
"부산광역시","수영구",매입자연령대,40대,597,50,1073,95,328,26,142,11,309,24
"부산광역시","수영구",매입자연령대,50대,475,42,964,86,260,20,117,9,254,20
"부산광역시","수영구",매입자연령대,60대,334,28,684,60,217,15,91,7,183,15
"부산광역시","수영구",매입자연령대,70대이상,159,13,358,29,171,12,48,4,70,5
"부산광역시","수영구",매입자연령대,기타,230,13,179,14,69,3,47,2,154,4
"부산광역시","사상구",매입자거주지,관할 시군구내,1076,76,1955,144,1477,106,848,61,841,63
"부산광역시","사상구",매입자거주지,관할 시도내,384,25,1323,87,1095,70,474,31,419,27
"부산광역시","사상구",매입자거주지,관할 시도외 서울,16,1,50,3,66,4,16,1,15,1
"부산광역시","사상구",매입자거주지,관할 시도외 기타,165,11,443,28,377,24,206,13,141,9
"부산광역시","사상구",거래주체,개인->개인,1526,106,3526,247,2861,195,1433,100,1353,96
"부산광역시","사상구",거래주체,개인->법인,50,3,102,7,75,4,41,2,6,0
"부산광역시","사상구",거래주체,개인->기타,4,0,17,1,9,1,15,1,2,0
"부산광역시","사상구",거래주체,법인->개인,50,3,120,8,63,3,46,3,49,3
"부산광역시","사상구",거래주체,법인->법인,8,1,6,0,3,0,5,0,1,0
"부산광역시","사상구",거래주체,법인->기타,0,0,0,0,0,0,0,0,0,0
"부산광역시","사상구",거래주체,기타->개인,3,0,0,0,4,0,3,0,4,0
"부산광역시","사상구",거래주체,기타->법인,0,0,0,0,0,0,0,0,0,0
"부산광역시","사상구",거래주체,기타->기타,0,0,0,0,0,0,1,0,1,0
"부산광역시","사상구",거래규모,20㎡이하,3,0,2,0,4,0,2,0,7,0
"부산광역시","사상구",거래규모,21~40㎡,50,2,87,3,79,3,40,1,32,1
"부산광역시","사상구",거래규모,41~60㎡,812,44,1778,95,1549,83,724,40,665,37
"부산광역시","사상구",거래규모,61~85㎡,647,52,1605,128,1210,96,696,56,607,49
"부산광역시","사상구",거래규모,86~100㎡,9,1,11,1,9,1,6,1,7,1
"부산광역시","사상구",거래규모,101~135㎡,102,12,241,29,141,17,64,8,85,10
"부산광역시","사상구",거래규모,136~165㎡,18,3,47,7,23,3,12,2,13,2
"부산광역시","사상구",거래규모,166~198㎡,0,0,0,0,0,0,0,0,0,0
"부산광역시","사상구",거래규모,198㎡초과,0,0,0,0,0,0,0,0,0,0
"부산광역시","사상구",매입자연령대,20대이하,99,6,227,15,180,11,82,5,86,6
"부산광역시","사상구",매입자연령대,30대,337,24,688,48,669,45,330,23,310,21
"부산광역시","사상구",매입자연령대,40대,418,30,987,72,661,47,309,22,317,24
"부산광역시","사상구",매입자연령대,50대,389,27,910,63,702,49,362,25,347,25
"부산광역시","사상구",매입자연령대,60대,253,16,602,41,488,32,271,19,272,18
"부산광역시","사상구",매입자연령대,70대이상,83,5,232,15,228,14,128,8,74,5
"부산광역시","사상구",매입자연령대,기타,62,4,125,8,87,5,62,4,10,1
"부산광역시","기장군",매입자거주지,관할 시군구내,846,65,2114,169,2934,212,708,51,954,75
"부산광역시","기장군",매입자거주지,관할 시도내,332,25,928,69,1164,85,335,23,302,22
"부산광역시","기장군",매입자거주지,관할 시도외 서울,13,1,36,3,70,5,20,1,18,1
"부산광역시","기장군",매입자거주지,관할 시도외 기타,182,14,563,43,714,53,200,14,280,21
"부산광역시","기장군",거래주체,개인->개인,1246,97,3466,273,3578,272,1147,81,1508,116
"부산광역시","기장군",거래주체,개인->법인,26,2,34,2,29,2,12,1,6,0
"부산광역시","기장군",거래주체,개인->기타,37,2,7,0,7,0,5,0,4,0
"부산광역시","기장군",거래주체,법인->개인,47,3,124,8,308,19,66,4,28,2
"부산광역시","기장군",거래주체,법인->법인,16,1,8,1,2,0,4,0,1,0
"부산광역시","기장군",거래주체,법인->기타,0,0,0,0,0,0,0,0,0,0
"부산광역시","기장군",거래주체,기타->개인,1,0,2,0,958,61,29,2,7,1
"부산광역시","기장군",거래주체,기타->법인,0,0,0,0,0,0,0,0,0,0
"부산광역시","기장군",거래주체,기타->기타,0,0,0,0,0,0,0,0,0,0
"부산광역시","기장군",거래규모,20㎡이하,2,0,3,0,2,0,0,0,2,0
"부산광역시","기장군",거래규모,21~40㎡,37,1,103,4,87,3,34,1,22,1
"부산광역시","기장군",거래규모,41~60㎡,448,25,1195,70,2234,131,548,31,498,29
"부산광역시","기장군",거래규모,61~85㎡,693,56,1761,142,2101,167,597,47,824,67
"부산광역시","기장군",거래규모,86~100㎡,5,0,9,1,20,2,4,0,41,4
"부산광역시","기장군",거래규모,101~135㎡,159,18,473,53,372,42,73,8,154,17
"부산광역시","기장군",거래규모,136~165㎡,24,3,83,12,53,8,7,1,12,2
"부산광역시","기장군",거래규모,166~198㎡,5,1,14,2,13,2,0,0,1,0
"부산광역시","기장군",거래규모,198㎡초과,0,0,0,0,0,0,0,0,0,0
"부산광역시","기장군",매입자연령대,20대이하,61,4,121,9,171,12,67,5,60,4
"부산광역시","기장군",매입자연령대,30대,352,28,841,68,1117,83,287,21,431,34
"부산광역시","기장군",매입자연령대,40대,410,34,1202,100,1657,123,347,26,471,38
"부산광역시","기장군",매입자연령대,50대,253,19,719,54,859,63,249,17,304,23
"부산광역시","기장군",매입자연령대,60대,152,11,479,35,659,46,191,13,208,15
"부산광역시","기장군",매입자연령대,70대이상,66,4,230,16,381,26,101,6,69,5
"부산광역시","기장군",매입자연령대,기타,79,4,49,3,38,2,21,1,11,1
"대구광역시","중구",매입자거주지,관할 시군구내,278,23,474,39,160,11,96,7,264,21
"대구광역시","중구",매입자거주지,관할 시도내,471,35,982,79,178,13,186,13,688,52
"대구광역시","중구",매입자거주지,관할 시도외 서울,14,1,26,2,26,2,47,2,14,1
"대구광역시","중구",매입자거주지,관할 시도외 기타,106,7,254,18,62,4,97,5,179,13
"대구광역시","중구",거래주체,개인->개인,831,63,1638,131,372,25,341,24,1118,85
"대구광역시","중구",거래주체,개인->법인,22,2,63,5,50,4,7,0,6,0
"대구광역시","중구",거래주체,개인->기타,7,1,4,0,0,0,0,0,3,0
"대구광역시","중구",거래주체,법인->개인,7,0,27,2,3,0,78,2,12,1
"대구광역시","중구",거래주체,법인->법인,0,0,1,0,0,0,0,0,0,0
"대구광역시","중구",거래주체,법인->기타,0,0,0,0,0,0,0,0,0,0
"대구광역시","중구",거래주체,기타->개인,2,0,3,0,0,0,0,0,6,0
"대구광역시","중구",거래주체,기타->법인,0,0,0,0,1,0,0,0,0,0
"대구광역시","중구",거래주체,기타->기타,0,0,0,0,0,0,0,0,0,0
"대구광역시","중구",거래규모,20㎡이하,21,0,19,0,23,0,18,0,17,0
"대구광역시","중구",거래규모,21~40㎡,100,3,84,3,40,1,98,2,17,1
"대구광역시","중구",거래규모,41~60㎡,222,13,434,25,132,7,109,6,348,21
"대구광역시","중구",거래규모,61~85㎡,376,31,956,78,170,14,178,14,695,57
"대구광역시","중구",거래규모,86~100㎡,21,2,31,3,30,3,5,0,16,2
"대구광역시","중구",거래규모,101~135㎡,90,11,140,17,20,2,13,1,39,5
"대구광역시","중구",거래규모,136~165㎡,25,4,52,8,4,1,5,1,11,2
"대구광역시","중구",거래규모,166~198㎡,10,2,12,2,5,1,0,0,2,0
"대구광역시","중구",거래규모,198㎡초과,4,1,8,2,2,0,0,0,0,0
"대구광역시","중구",매입자연령대,20대이하,29,2,87,6,29,2,33,2,55,4
"대구광역시","중구",매입자연령대,30대,180,14,472,37,108,8,105,7,474,35
"대구광역시","중구",매입자연령대,40대,227,17,434,37,68,5,74,5,258,20
"대구광역시","중구",매입자연령대,50대,209,16,375,31,65,4,94,5,191,15
"대구광역시","중구",매입자연령대,60대,104,8,184,14,51,3,70,4,100,7
"대구광역시","중구",매입자연령대,70대이상,91,6,116,8,54,4,43,3,58,4
"대구광역시","중구",매입자연령대,기타,29,3,68,5,51,4,7,0,9,1
"대구광역시","동구",매입자거주지,관할 시군구내,2453,186,3560,279,1842,139,909,67,1625,127
"대구광역시","동구",매입자거주지,관할 시도내,1143,82,1904,139,878,60,355,24,846,63
"대구광역시","동구",매입자거주지,관할 시도외 서울,70,5,110,7,61,4,26,2,28,2
"대구광역시","동구",매입자거주지,관할 시도외 기타,592,42,1043,77,506,33,316,21,682,47
"대구광역시","동구",거래주체,개인->개인,4056,300,6382,486,2816,203,1476,105,2967,228
"대구광역시","동구",거래주체,개인->법인,93,6,111,7,100,5,8,0,6,0
"대구광역시","동구",거래주체,개인->기타,6,0,10,1,36,2,34,3,20,1
"대구광역시","동구",거래주체,법인->개인,95,7,105,8,38,2,41,3,25,2
"대구광역시","동구",거래주체,법인->법인,4,0,3,0,4,0,2,0,5,0
"대구광역시","동구",거래주체,법인->기타,0,0,0,0,0,0,0,0,153,7
"대구광역시","동구",거래주체,기타->개인,4,0,5,0,292,23,45,4,5,0
"대구광역시","동구",거래주체,기타->법인,0,0,1,0,1,0,0,0,0,0
"대구광역시","동구",거래주체,기타->기타,0,0,0,0,0,0,0,0,0,0
"대구광역시","동구",거래규모,20㎡이하,12,0,17,0,14,0,13,0,4,0
"대구광역시","동구",거래규모,21~40㎡,184,6,303,10,207,6,119,3,173,6
"대구광역시","동구",거래규모,41~60㎡,1470,82,2040,115,1124,63,584,33,899,52
"대구광역시","동구",거래규모,61~85㎡,2172,176,3496,285,1723,140,779,64,1874,155
"대구광역시","동구",거래규모,86~100㎡,77,7,151,15,32,3,22,2,74,7
"대구광역시","동구",거래규모,101~135㎡,298,36,539,66,164,20,74,9,144,17
"대구광역시","동구",거래규모,136~165㎡,32,5,50,7,16,2,8,1,11,2
"대구광역시","동구",거래규모,166~198㎡,11,2,15,3,6,1,7,1,1,0
"대구광역시","동구",거래규모,198㎡초과,2,0,6,1,1,0,0,0,1,0
"대구광역시","동구",매입자연령대,20대이하,205,13,293,19,159,10,78,5,137,10
"대구광역시","동구",매입자연령대,30대,883,67,1330,102,666,49,352,25,913,71
"대구광역시","동구",매입자연령대,40대,1044,81,1734,138,764,59,364,27,673,53
"대구광역시","동구",매입자연령대,50대,982,73,1510,117,695,50,362,27,647,50
"대구광역시","동구",매입자연령대,60대,665,48,1028,76,523,37,238,16,442,34
"대구광역시","동구",매입자연령대,70대이상,376,25,597,42,339,23,168,11,185,13
"대구광역시","동구",매입자연령대,기타,103,7,125,8,141,8,44,3,184,10
"대구광역시","서구",매입자거주지,관할 시군구내,667,51,710,54,211,15,137,11,253,20
"대구광역시","서구",매입자거주지,관할 시도내,459,31,624,45,158,11,71,5,223,16
"대구광역시","서구",매입자거주지,관할 시도외 서울,10,1,22,1,11,1,1,0,6,0
"대구광역시","서구",매입자거주지,관할 시도외 기타,132,9,206,14,79,5,20,1,134,7
"대구광역시","서구",거래주체,개인->개인,1175,85,1439,108,423,29,218,16,487,38
"대구광역시","서구",거래주체,개인->법인,32,2,85,4,28,2,2,0,1,0
"대구광역시","서구",거래주체,개인->기타,23,2,8,1,0,0,3,0,3,0
"대구광역시","서구",거래주체,법인->개인,36,3,20,1,8,1,5,0,11,1
"대구광역시","서구",거래주체,법인->법인,1,0,0,0,0,0,0,0,43,2
"대구광역시","서구",거래주체,법인->기타,0,0,5,0,0,0,0,0,71,2
"대구광역시","서구",거래주체,기타->개인,1,0,5,0,0,0,1,0,0,0
"대구광역시","서구",거래주체,기타->법인,0,0,0,0,0,0,0,0,0,0
"대구광역시","서구",거래주체,기타->기타,0,0,0,0,0,0,0,0,0,0
"대구광역시","서구",거래규모,20㎡이하,10,0,2,0,0,0,4,0,1,0
"대구광역시","서구",거래규모,21~40㎡,36,1,70,2,4,0,3,0,123,4
"대구광역시","서구",거래규모,41~60㎡,531,28,592,31,231,12,94,5,157,9
"대구광역시","서구",거래규모,61~85㎡,507,40,659,53,183,14,88,7,261,21
"대구광역시","서구",거래규모,86~100㎡,19,2,22,2,4,0,2,0,14,1
"대구광역시","서구",거래규모,101~135㎡,118,14,167,19,26,3,28,3,51,6
"대구광역시","서구",거래규모,136~165㎡,26,4,30,4,9,1,3,0,6,1
"대구광역시","서구",거래규모,166~198㎡,20,3,20,3,2,0,7,1,3,1
"대구광역시","서구",거래규모,198㎡초과,1,0,0,0,0,0,0,0,0,0
"대구광역시","서구",매입자연령대,20대이하,67,5,90,6,52,3,15,1,23,2
"대구광역시","서구",매입자연령대,30대,206,16,276,21,107,7,52,4,108,8
"대구광역시","서구",매입자연령대,40대,254,20,323,25,65,5,45,4,100,9
"대구광역시","서구",매입자연령대,50대,358,26,400,31,96,7,63,4,130,10
"대구광역시","서구",매입자연령대,60대,225,14,280,20,71,5,32,2,95,7
"대구광역시","서구",매입자연령대,70대이상,102,7,95,7,40,3,17,1,42,3
"대구광역시","서구",매입자연령대,기타,56,4,98,5,28,2,5,0,118,4
"대구광역시","남구",매입자거주지,관할 시군구내,436,36,584,50,228,20,118,9,257,21
"대구광역시","남구",매입자거주지,관할 시도내,404,33,678,59,244,19,103,8,270,22
"대구광역시","남구",매입자거주지,관할 시도외 서울,13,1,26,3,8,1,9,1,6,1
"대구광역시","남구",매입자거주지,관할 시도외 기타,70,6,146,12,61,5,20,1,57,5
"대구광역시","남구",거래주체,개인->개인,877,71,1315,113,498,41,225,18,559,46
"대구광역시","남구",거래주체,개인->법인,6,0,43,4,26,2,0,0,3,0
"대구광역시","남구",거래주체,개인->기타,3,0,3,0,4,0,2,0,4,0
"대구광역시","남구",거래주체,법인->개인,29,2,41,3,11,1,19,1,18,1
"대구광역시","남구",거래주체,법인->법인,1,0,0,0,0,0,1,0,0,0
"대구광역시","남구",거래주체,법인->기타,0,0,1,0,0,0,0,0,0,0
"대구광역시","남구",거래주체,기타->개인,7,1,31,3,2,0,3,0,5,0
"대구광역시","남구",거래주체,기타->법인,0,0,0,0,0,0,0,0,0,0
"대구광역시","남구",거래주체,기타->기타,0,0,0,0,0,0,0,0,1,0
"대구광역시","남구",거래규모,20㎡이하,4,0,5,0,2,0,1,0,0,0
"대구광역시","남구",거래규모,21~40㎡,4,0,8,0,3,0,1,0,2,0
"대구광역시","남구",거래규모,41~60㎡,292,16,326,18,140,8,89,5,125,7
"대구광역시","남구",거래규모,61~85㎡,436,35,770,62,295,24,115,9,393,32
"대구광역시","남구",거래규모,86~100㎡,6,1,33,3,20,2,4,0,2,0
"대구광역시","남구",거래규모,101~135㎡,137,16,220,27,57,7,32,4,50,6
"대구광역시","남구",거래규모,136~165㎡,21,3,21,3,12,2,2,0,6,1
"대구광역시","남구",거래규모,166~198㎡,17,3,38,7,6,1,4,1,8,1
"대구광역시","남구",거래규모,198㎡초과,6,1,13,3,6,1,2,0,4,1
"대구광역시","남구",매입자연령대,20대이하,35,3,74,6,29,2,11,1,26,2
"대구광역시","남구",매입자연령대,30대,167,13,239,21,104,9,46,3,126,10
"대구광역시","남구",매입자연령대,40대,208,18,327,29,91,7,58,5,108,9
"대구광역시","남구",매입자연령대,50대,227,18,360,32,118,10,56,5,162,14
"대구광역시","남구",매입자연령대,60대,165,14,247,20,82,7,42,4,112,9
"대구광역시","남구",매입자연령대,70대이상,111,8,140,11,87,7,34,2,48,3
"대구광역시","남구",매입자연령대,기타,10,1,47,4,30,2,3,0,8,1
"대구광역시","북구",매입자거주지,관할 시군구내,3744,277,5580,421,3309,226,1588,112,2776,202
"대구광역시","북구",매입자거주지,관할 시도내,1422,100,2575,186,1530,103,559,37,916,65
"대구광역시","북구",매입자거주지,관할 시도외 서울,105,7,162,11,82,5,33,2,39,3
"대구광역시","북구",매입자거주지,관할 시도외 기타,576,40,1179,83,856,56,489,33,545,39
"대구광역시","북구",거래주체,개인->개인,5581,408,8897,662,5098,354,2402,168,3895,289
"대구광역시","북구",거래주체,개인->법인,157,10,302,21,167,9,14,1,6,0
"대구광역시","북구",거래주체,개인->기타,43,2,128,7,50,4,77,6,19,1
"대구광역시","북구",거래주체,법인->개인,58,4,158,11,95,6,81,5,112,6
"대구광역시","북구",거래주체,법인->법인,2,0,7,0,20,1,2,0,0,0
"대구광역시","북구",거래주체,법인->기타,0,0,0,0,0,0,0,0,1,0
"대구광역시","북구",거래주체,기타->개인,6,0,4,0,347,17,93,4,243,11
"대구광역시","북구",거래주체,기타->법인,0,0,0,0,0,0,0,0,0,0
"대구광역시","북구",거래주체,기타->기타,0,0,0,0,0,0,0,0,0,0
"대구광역시","북구",거래규모,20㎡이하,11,0,18,0,7,0,6,0,10,0
"대구광역시","북구",거래규모,21~40㎡,185,7,232,8,344,13,146,5,233,9
"대구광역시","북구",거래규모,41~60㎡,2535,141,3750,210,2984,165,1261,70,1545,87
"대구광역시","북구",거래규모,61~85㎡,2585,212,4635,379,2100,171,1108,90,2202,180
"대구광역시","북구",거래규모,86~100㎡,55,5,103,10,31,3,13,1,57,6
"대구광역시","북구",거래규모,101~135㎡,437,53,688,83,291,35,119,14,212,25
"대구광역시","북구",거래규모,136~165㎡,30,4,48,7,16,2,11,2,14,2
"대구광역시","북구",거래규모,166~198㎡,7,1,16,3,4,1,1,0,2,0
"대구광역시","북구",거래규모,198㎡초과,2,0,6,1,0,0,4,1,1,0
"대구광역시","북구",매입자연령대,20대이하,218,14,407,27,324,21,167,11,204,14
"대구광역시","북구",매입자연령대,30대,1293,95,1953,147,1191,83,559,39,1128,84
"대구광역시","북구",매입자연령대,40대,1680,131,2580,204,1393,99,603,44,993,78
"대구광역시","북구",매입자연령대,50대,1311,95,2178,160,1251,85,638,45,992,71
"대구광역시","북구",매입자연령대,60대,716,49,1229,87,855,56,415,26,687,45
"대구광역시","북구",매입자연령대,70대이상,427,28,712,47,526,33,194,12,246,15
"대구광역시","북구",매입자연령대,기타,202,12,437,28,237,13,93,7,26,2
"대구광역시","수성구",매입자거주지,관할 시군구내,2805,243,5061,461,1203,101,576,48,1948,175
"대구광역시","수성구",매입자거주지,관할 시도내,1162,96,2454,208,632,49,272,22,1023,88
"대구광역시","수성구",매입자거주지,관할 시도외 서울,100,8,162,12,197,10,43,3,59,5
"대구광역시","수성구",매입자거주지,관할 시도외 기타,555,45,1497,121,484,36,202,15,613,50
"대구광역시","수성구",거래주체,개인->개인,4371,371,8957,785,2254,180,1034,84,3602,313
"대구광역시","수성구",거래주체,개인->법인,197,17,77,7,188,10,27,1,7,1
"대구광역시","수성구",거래주체,개인->기타,9,1,5,0,0,0,7,1,2,0
"대구광역시","수성구",거래주체,법인->개인,31,3,88,8,59,5,23,2,27,3
"대구광역시","수성구",거래주체,법인->법인,11,1,41,2,5,0,1,0,0,0
"대구광역시","수성구",거래주체,법인->기타,0,0,0,0,0,0,0,0,0,0
"대구광역시","수성구",거래주체,기타->개인,3,0,5,0,10,1,1,0,5,1
"대구광역시","수성구",거래주체,기타->법인,0,0,1,0,0,0,0,0,0,0
"대구광역시","수성구",거래주체,기타->기타,0,0,0,0,0,0,0,0,0,0
"대구광역시","수성구",거래규모,20㎡이하,10,0,11,0,8,0,8,0,8,0
"대구광역시","수성구",거래규모,21~40㎡,127,4,226,8,291,11,74,3,66,2
"대구광역시","수성구",거래규모,41~60㎡,1155,64,2229,124,756,42,276,15,649,36
"대구광역시","수성구",거래규모,61~85㎡,2313,191,4246,353,1029,85,552,46,2180,182
"대구광역시","수성구",거래규모,86~100㎡,58,6,136,13,25,2,9,1,45,4
"대구광역시","수성구",거래규모,101~135㎡,771,96,1874,232,301,37,129,16,513,63
"대구광역시","수성구",거래규모,136~165㎡,105,16,306,45,63,10,29,4,122,18
"대구광역시","수성구",거래규모,166~198㎡,62,11,116,21,33,6,10,2,42,7
"대구광역시","수성구",거래규모,198㎡초과,21,5,30,6,10,2,6,1,18,4
"대구광역시","수성구",매입자연령대,20대이하,145,10,381,27,145,10,70,5,109,8
"대구광역시","수성구",매입자연령대,30대,871,75,2000,173,582,47,297,25,1068,91
"대구광역시","수성구",매입자연령대,40대,1396,126,3016,283,632,54,291,26,1195,111
"대구광역시","수성구",매입자연령대,50대,1009,86,1949,174,439,36,219,17,689,60
"대구광역시","수성구",매입자연령대,60대,597,47,1046,87,286,22,110,8,385,32
"대구광역시","수성구",매입자연령대,70대이상,387,29,658,50,239,17,71,5,188,15
"대구광역시","수성구",매입자연령대,기타,217,18,124,9,193,10,35,2,9,1
"대구광역시","달서구",매입자거주지,관할 시군구내,5453,448,8937,725,2354,172,1360,105,3357,270
"대구광역시","달서구",매입자거주지,관할 시도내,2160,162,3289,248,1086,74,669,49,1281,99
"대구광역시","달서구",매입자거주지,관할 시도외 서울,96,7,167,12,90,5,40,3,65,5
"대구광역시","달서구",매입자거주지,관할 시도외 기타,806,59,1549,113,595,39,413,30,676,51
"대구광역시","달서구",거래주체,개인->개인,8103,647,13095,1045,3483,249,2350,177,5288,418
"대구광역시","달서구",거래주체,개인->법인,123,9,269,17,373,25,18,1,20,1
"대구광역시","달서구",거래주체,개인->기타,42,3,161,9,16,1,61,4,7,1
"대구광역시","달서구",거래주체,법인->개인,231,16,329,22,190,12,51,4,58,4
"대구광역시","달서구",거래주체,법인->법인,10,1,68,3,58,3,0,0,2,0
"대구광역시","달서구",거래주체,법인->기타,0,0,0,0,0,0,0,0,0,0
"대구광역시","달서구",거래주체,기타->개인,6,0,17,1,4,0,2,0,3,0
"대구광역시","달서구",거래주체,기타->법인,0,0,3,0,1,0,0,0,0,0
"대구광역시","달서구",거래주체,기타->기타,0,0,0,0,0,0,0,0,1,0
"대구광역시","달서구",거래규모,20㎡이하,8,0,41,0,3,0,8,0,9,0
"대구광역시","달서구",거래규모,21~40㎡,214,8,346,13,240,9,85,3,98,4
"대구광역시","달서구",거래규모,41~60㎡,3171,181,5140,291,2005,112,1006,58,1837,107
"대구광역시","달서구",거래규모,61~85㎡,3746,311,6166,509,1554,129,1113,92,2721,226
"대구광역시","달서구",거래규모,86~100㎡,18,2,48,5,9,1,19,2,43,4
"대구광역시","달서구",거래규모,101~135㎡,1160,143,1898,232,267,33,226,27,591,71
"대구광역시","달서구",거래규모,136~165㎡,153,23,221,33,31,5,15,2,60,9
"대구광역시","달서구",거래규모,166~198㎡,38,7,67,12,10,2,7,1,17,3
"대구광역시","달서구",거래규모,198㎡초과,7,2,15,3,6,1,3,1,3,1
"대구광역시","달서구",매입자연령대,20대이하,361,24,635,44,299,19,158,11,230,17
"대구광역시","달서구",매입자연령대,30대,1987,159,3074,243,862,63,642,49,1532,122
"대구광역시","달서구",매입자연령대,40대,2327,198,3813,325,809,62,592,48,1370,116
"대구광역시","달서구",매입자연령대,50대,2050,164,3154,252,846,59,532,39,1171,92
"대구광역시","달서구",매입자연령대,60대,1084,80,1882,141,538,37,310,23,786,57
"대구광역시","달서구",매입자연령대,70대이상,531,38,883,63,323,22,169,12,260,18
"대구광역시","달서구",매입자연령대,기타,175,12,501,29,448,29,79,5,30,2
"대구광역시","달성군",매입자거주지,관할 시군구내,2044,154,3689,277,2051,140,1279,92,2339,172
"대구광역시","달성군",매입자거주지,관할 시도내,1276,92,2166,155,1207,81,626,42,906,64
"대구광역시","달성군",매입자거주지,관할 시도외 서울,14,1,37,3,29,2,22,2,17,1
"대구광역시","달성군",매입자거주지,관할 시도외 기타,746,53,1542,101,813,54,363,25,541,40
"대구광역시","달성군",거래주체,개인->개인,3647,268,5893,437,3442,237,2011,141,3405,253
"대구광역시","달성군",거래주체,개인->법인,351,25,63,4,43,2,21,1,10,1
"대구광역시","달성군",거래주체,개인->기타,1,0,8,1,138,9,2,0,6,0
"대구광역시","달성군",거래주체,법인->개인,78,6,537,34,464,28,94,6,346,21
"대구광역시","달성군",거래주체,법인->법인,2,0,793,48,4,0,1,0,0,0
"대구광역시","달성군",거래주체,법인->기타,0,0,0,0,0,0,0,0,0,0
"대구광역시","달성군",거래주체,기타->개인,1,0,140,12,9,1,161,12,36,3
"대구광역시","달성군",거래주체,기타->법인,0,0,0,0,0,0,0,0,0,0
"대구광역시","달성군",거래주체,기타->기타,0,0,0,0,0,0,0,0,0,0
"대구광역시","달성군",거래규모,20㎡이하,0,0,2,0,3,0,4,0,0,0
"대구광역시","달성군",거래규모,21~40㎡,156,6,244,8,239,8,125,4,80,3
"대구광역시","달성군",거래규모,41~60㎡,1370,79,3144,184,1937,113,777,45,1356,79
"대구광역시","달성군",거래규모,61~85㎡,2305,186,3520,284,1763,139,1294,102,2133,171
"대구광역시","달성군",거래규모,86~100㎡,49,5,159,16,88,9,36,4,103,10
"대구광역시","달성군",거래규모,101~135㎡,196,23,351,41,66,8,53,6,122,14
"대구광역시","달성군",거래규모,136~165㎡,4,1,14,2,4,1,1,0,9,1
"대구광역시","달성군",거래규모,166~198㎡,0,0,0,0,0,0,0,0,0,0
"대구광역시","달성군",거래규모,198㎡초과,0,0,0,0,0,0,0,0,0,0
"대구광역시","달성군",매입자연령대,20대이하,179,12,315,22,234,15,128,9,178,12
"대구광역시","달성군",매입자연령대,30대,1061,81,1759,132,1022,73,632,46,1099,84
"대구광역시","달성군",매입자연령대,40대,1015,78,1900,145,1031,72,573,42,1022,77
"대구광역시","달성군",매입자연령대,50대,802,57,1392,100,839,54,492,33,826,59
"대구광역시","달성군",매입자연령대,60대,456,32,865,61,553,37,308,21,497,34
"대구광역시","달성군",매입자연령대,70대이상,213,15,339,24,236,15,133,9,165,11
"대구광역시","달성군",매입자연령대,기타,354,25,864,52,185,12,24,2,16,1
"대구광역시","군위군",매입자거주지,관할 시군구내,-,-,-,-,-,-,-,-,4,0
"대구광역시","군위군",매입자거주지,관할 시도내,-,-,-,-,-,-,-,-,0,0
"대구광역시","군위군",매입자거주지,관할 시도외 서울,-,-,-,-,-,-,-,-,0,0
"대구광역시","군위군",매입자거주지,관할 시도외 기타,-,-,-,-,-,-,-,-,0,0
"대구광역시","군위군",거래주체,개인->개인,-,-,-,-,-,-,-,-,4,0
"대구광역시","군위군",거래주체,개인->법인,-,-,-,-,-,-,-,-,0,0
"대구광역시","군위군",거래주체,개인->기타,-,-,-,-,-,-,-,-,0,0
"대구광역시","군위군",거래주체,법인->개인,-,-,-,-,-,-,-,-,0,0
"대구광역시","군위군",거래주체,법인->법인,-,-,-,-,-,-,-,-,0,0
"대구광역시","군위군",거래주체,법인->기타,-,-,-,-,-,-,-,-,0,0
"대구광역시","군위군",거래주체,기타->개인,-,-,-,-,-,-,-,-,0,0
"대구광역시","군위군",거래주체,기타->법인,-,-,-,-,-,-,-,-,0,0
"대구광역시","군위군",거래주체,기타->기타,-,-,-,-,-,-,-,-,0,0
"대구광역시","군위군",거래규모,20㎡이하,-,-,-,-,-,-,-,-,0,0
"대구광역시","군위군",거래규모,21~40㎡,-,-,-,-,-,-,-,-,0,0
"대구광역시","군위군",거래규모,41~60㎡,-,-,-,-,-,-,-,-,1,0
"대구광역시","군위군",거래규모,61~85㎡,-,-,-,-,-,-,-,-,3,0
"대구광역시","군위군",거래규모,86~100㎡,-,-,-,-,-,-,-,-,0,0
"대구광역시","군위군",거래규모,101~135㎡,-,-,-,-,-,-,-,-,0,0
"대구광역시","군위군",거래규모,136~165㎡,-,-,-,-,-,-,-,-,0,0
"대구광역시","군위군",거래규모,166~198㎡,-,-,-,-,-,-,-,-,0,0
"대구광역시","군위군",거래규모,198㎡초과,-,-,-,-,-,-,-,-,0,0
"대구광역시","군위군",매입자연령대,20대이하,-,-,-,-,-,-,-,-,0,0
"대구광역시","군위군",매입자연령대,30대,-,-,-,-,-,-,-,-,1,0
"대구광역시","군위군",매입자연령대,40대,-,-,-,-,-,-,-,-,0,0
"대구광역시","군위군",매입자연령대,50대,-,-,-,-,-,-,-,-,0,0
"대구광역시","군위군",매입자연령대,60대,-,-,-,-,-,-,-,-,0,0
"대구광역시","군위군",매입자연령대,70대이상,-,-,-,-,-,-,-,-,3,0
"대구광역시","군위군",매입자연령대,기타,-,-,-,-,-,-,-,-,0,0
